report_year,month,report_date,particular,monthly_value,comparison_month_value,monthly_variation,monthly_variation_pct,ytd_value,comparison_ytd_value,ytd_variation,ytd_variation_pct,comparison_year,source_file,particular_standardized
2025,2,28/02/2025,Total Accidents,187.0,239.0,-52.0,-21.76,399.0,505.0,-106.0,-20.99,2024,jan-February 2025-merged.pdf,Total Accidents
2025,2,28/02/2025,Fatal Accidents,12.0,24.0,-12.0,-50.0,35.0,52.0,-17.0,-32.69,2024,jan-February 2025-merged.pdf,Fatal Accidents
2025,2,28/02/2025,Grievous Accidents,12.0,20.0,-8.0,-40.0,40.0,31.0,9.0,29.03,2024,jan-February 2025-merged.pdf,Grievous Accidents
2025,2,28/02/2025,Minor Injury Accidents,35.0,48.0,-13.0,-27.08,79.0,100.0,-21.0,-21.0,2024,jan-February 2025-merged.pdf,Minor Injury Accidents
2025,2,28/02/2025,Non Injury Accidents,128.0,147.0,-19.0,-12.93,245.0,323.0,-78.0,-24.15,2024,jan-February 2025-merged.pdf,Non Injury Accidents
2025,2,28/02/2025,Person Killed,12.0,26.0,-14.0,-53.85,36.0,54.0,-18.0,-33.33,2024,jan-February 2025-merged.pdf,Persons killed
2025,2,28/02/2025,Grievous Injury,15.0,23.0,-8.0,-34.78,47.0,44.0,3.0,6.82,2024,jan-February 2025-merged.pdf,Grievous Injury
2025,2,28/02/2025,Minor Injury,51.0,87.0,-36.0,-41.38,121.0,166.0,-45.0,-27.11,2024,jan-February 2025-merged.pdf,Minor Injury
2025,2,28/02/2025,Riders killed,10.0,16.0,-6.0,-37.5,22.0,36.0,-14.0,-38.89,2024,jan-February 2025-merged.pdf,Riders killed
2025,2,28/02/2025,Pillion riders killed,1.0,6.0,-5.0,-83.33,5.0,9.0,-4.0,-44.44,2024,jan-February 2025-merged.pdf,Pillion riders killed
2025,2,28/02/2025,Drivers killed,0.0,0.0,0.0,0.0,1.0,2.0,-1.0,-50.0,2024,jan-February 2025-merged.pdf,Drivers killed
2025,2,28/02/2025,Pedestrians killed,0.0,4.0,-4.0,-100.0,4.0,6.0,-2.0,-33.33,2024,jan-February 2025-merged.pdf,Pedestrians killed
2025,2,28/02/2025,Passengers killed,1.0,0.0,1.0,100.0,3.0,0.0,3.0,300.0,2024,jan-February 2025-merged.pdf,Passengers killed
2025,2,28/02/2025,Cyclists killed,0.0,0.0,0.0,0.0,0.0,1.0,-1.0,-100.0,2024,jan-February 2025-merged.pdf,Cyclists killed
2025,2,28/02/2025,Others killed,0.0,26.0,-26.0,-100.0,1.0,0.0,1.0,100.0,2024,jan-February 2025-merged.pdf,Others killed
2025,2,28/02/2025,M. V. Cases booked,31549.0,35011.0,-3462.0,-9.89,67365.0,75078.0,-7713.0,-10.27,2024,jan-February 2025-merged.pdf,M. V. Cases booked
2025,2,28/02/2025,Fine collected,20286000.0,21077100.0,-791100.0,-3.75,43459600.0,45357600.0,-1898000.0,-4.18,2024,jan-February 2025-merged.pdf,Fine collected
2025,4,30/04/2025,Total Accidents,198.0,245.0,-47.0,-19.18,797.0,981.0,-184.0,-18.76,2024,March-April 2025.pdf,Total Accidents
2025,4,30/04/2025,Fatal Accidents,24.0,30.0,-6.0,-20.0,84.0,107.0,-23.0,-21.5,2024,March-April 2025.pdf,Fatal Accidents
2025,4,30/04/2025,Grievous Accidents,15.0,13.0,2.0,15.38,71.0,63.0,8.0,12.7,2024,March-April 2025.pdf,Grievous Accidents
2025,4,30/04/2025,Minor Injury Accidents,43.0,48.0,-5.0,-10.42,165.0,189.0,-24.0,-12.7,2024,March-April 2025.pdf,Minor Injury Accidents
2025,4,30/04/2025,Non Injury Accidents,116.0,154.0,-38.0,-24.68,477.0,622.0,-145.0,-23.31,2024,March-April 2025.pdf,Non Injury Accidents
2025,4,30/04/2025,Persons killed,26.0,34.0,-8.0,-23.53,87.0,113.0,-26.0,-23.01,2024,March-April 2025.pdf,Persons killed
2025,4,30/04/2025,Grievous Injury,17.0,28.0,-11.0,-39.29,87.0,90.0,-3.0,-3.33,2024,March-April 2025.pdf,Grievous Injury
2025,4,30/04/2025,Minor Injury,76.0,72.0,4.0,5.56,265.0,319.0,-54.0,-16.93,2024,March-April 2025.pdf,Minor Injury
2025,4,30/04/2025,Riders killed,17.0,16.0,1.0,6.25,54.0,67.0,-13.0,-19.4,2024,March-April 2025.pdf,Riders killed
2025,4,30/04/2025,Pillion riders killed,4.0,3.0,1.0,33.33,13.0,15.0,-2.0,-13.33,2024,March-April 2025.pdf,Pillion riders killed
2025,4,30/04/2025,Drivers killed,0.0,5.0,-5.0,-100.0,1.0,9.0,-8.0,-88.89,2024,March-April 2025.pdf,Drivers killed
2025,4,30/04/2025,Pedestrians killed,5.0,5.0,0.0,0.0,15.0,14.0,1.0,7.14,2024,March-April 2025.pdf,Pedestrians killed
2025,4,30/04/2025,Passengers killed,0.0,3.0,-3.0,-100.0,4.0,5.0,-1.0,-20.0,2024,March-April 2025.pdf,Passengers killed
2025,4,30/04/2025,Cyclists killed,0.0,1.0,-1.0,-100.0,0.0,2.0,-2.0,-100.0,2024,March-April 2025.pdf,Cyclists killed
2025,4,30/04/2025,Others killed,0.0,1.0,-1.0,-100.0,1.0,1.0,0.0,0.0,2024,March-April 2025.pdf,Others killed
2025,4,30/04/2025,M.V.Cases booked,8077.0,39433.0,-31356.0,-79.51,107519.0,152891.0,-45372.0,-29.67,2024,March-April 2025.pdf,M. V. Cases booked
2025,7,31/07/2025,Total Accidents,167.0,170.0,-3.0,-1.76,1363.0,1555.0,-192.0,-12.35,2024,May-July 2025.pdf,Total Accidents
2025,7,31/07/2025,Fatal Accidents,17.0,17.0,0.0,0.0,156.0,175.0,-19.0,-10.86,2024,May-July 2025.pdf,Fatal Accidents
2025,7,31/07/2025,Grievous Accidents,15.0,11.0,4.0,36.36,124.0,111.0,13.0,11.71,2024,May-July 2025.pdf,Grievous Accidents
2025,7,31/07/2025,Minor Injury Accidents,25.0,31.0,-6.0,-19.35,249.0,288.0,-39.0,-13.54,2024,May-July 2025.pdf,Minor Injury Accidents
2025,7,31/07/2025,Non Injury Accidents,110.0,111.0,-1.0,-0.9,834.0,981.0,-147.0,-14.98,2024,May-July 2025.pdf,Non Injury Accidents
2025,7,31/07/2025,Person Killed,19.0,17.0,2.0,11.76,161.0,184.0,-23.0,-12.5,2024,May-July 2025.pdf,Persons killed
2025,7,31/07/2025,Grievous Injury,24.0,14.0,10.0,71.43,163.0,154.0,9.0,5.84,2024,May-July 2025.pdf,Grievous Injury
2025,7,31/07/2025,Minor Injury,38.0,48.0,-10.0,-20.83,427.0,487.0,-60.0,-12.32,2024,May-July 2025.pdf,Minor Injury
2025,7,31/07/2025,Riders killed,12.0,10.0,2.0,20.0,97.0,107.0,-10.0,-9.35,2024,May-July 2025.pdf,Riders killed
2025,7,31/07/2025,Pillion riders killed,2.0,2.0,0.0,0.0,17.0,24.0,-7.0,-29.17,2024,May-July 2025.pdf,Pillion riders killed
2025,7,31/07/2025,Drivers killed,1.0,1.0,0.0,0.0,6.0,11.0,-5.0,-45.45,2024,May-July 2025.pdf,Drivers killed
2025,7,31/07/2025,,12.0,10.0,2.0,20.0,97.0,107.0,-10.0,-9.35,2024,May-July 2025.pdf,
2025,7,31/07/2025,Passengers killed,1.0,1.0,0.0,0.0,4.0,13.0,-9.0,-69.23,2024,May-July 2025.pdf,Passengers killed
2025,7,31/07/2025,Cyclists killed,0.0,0.0,0.0,0.0,0.0,4.0,-4.0,-100.0,2024,May-July 2025.pdf,Cyclists killed
2025,7,31/07/2025,,15.0,11.0,4.0,36.36,124.0,111.0,13.0,11.71,2024,May-July 2025.pdf,
2025,7,31/07/2025,M. V. Cases booked,15324.0,32413.0,-17089.0,-52.72,139724.0,273942.0,-134218.0,-48.995,2024,May-July 2025.pdf,M. V. Cases booked
2025,7,31/07/2025,,17.0,17.0,0.0,0.0,156.0,175.0,-19.0,-10.86,2024,May-July 2025.pdf,
2025,8,31/08/2025,Total Accidents,166.0,185.0,-19.0,-10.27,1531.0,1739.0,-208.0,-11.96,2024,August 2025.pdf,Total Accidents
2025,8,31/08/2025,Fatal Accidents,9.0,16.0,-7.0,-43.75,168.0,190.0,-22.0,-11.58,2024,August 2025.pdf,Fatal Accidents
2025,8,31/08/2025,Grievous Accidents,16.0,13.0,3.0,23.08,140.0,124.0,16.0,12.9,2024,August 2025.pdf,Grievous Accidents
2025,8,31/08/2025,Minor Injury Accidents,22.0,34.0,-12.0,-35.29,271.0,322.0,-51.0,-15.84,2024,August 2025.pdf,Minor Injury Accidents
2025,8,31/08/2025,Non Injury Accidents,119.0,122.0,-3.0,-2.46,952.0,1103.0,-151.0,-13.69,2024,August 2025.pdf,Non Injury Accidents
2025,8,31/08/2025,Persons killed,9.0,16.0,-7.0,-43.75,173.0,201.0,-28.0,-13.93,2024,August 2025.pdf,Persons killed
2025,8,31/08/2025,Grievous Injury,20.0,19.0,1.0,5.26,182.0,171.0,11.0,6.43,2024,August 2025.pdf,Grievous Injury
2025,8,31/08/2025,Minor Injury,40.0,55.0,-15.0,-27.27,469.0,543.0,-74.0,-13.63,2024,August 2025.pdf,Minor Injury
2025,8,31/08/2025,Riders killed,7.0,7.0,0.0,0.0,107.0,114.0,-7.0,-6.14,2024,August 2025.pdf,Riders killed
2025,8,31/08/2025,Pillion riders killed,1.0,1.0,0.0,0.0,18.0,26.0,-8.0,-30.77,2024,August 2025.pdf,Pillion riders killed
2025,8,31/08/2025,Drivers killed,0.0,2.0,-2.0,-100.0,6.0,13.0,-7.0,-53.85,2024,August 2025.pdf,Drivers killed
2025,8,31/08/2025,Pedestrians killed,1.0,5.0,-4.0,-80.0,35.0,29.0,6.0,20.69,2024,August 2025.pdf,Pedestrians killed
2025,8,31/08/2025,Passengers killed,0.0,1.0,-1.0,-100.0,4.0,14.0,-10.0,-71.43,2024,August 2025.pdf,Passengers killed
2025,8,31/08/2025,Cyclists killed,0.0,0.0,0.0,0.0,0.0,4.0,-4.0,-100.0,2024,August 2025.pdf,Cyclists killed
2025,8,31/08/2025,Others killed,0.0,0.0,0.0,0.0,3.0,1.0,2.0,200.0,2024,August 2025.pdf,Others killed
2025,8,31/08/2025,M.V.Cases Booked,12608.0,30977.0,-18369.0,-59.3,152332.0,304919.0,-152587.0,-50.04,2024,August 2025.pdf,M.V.Cases Booked
2025,8,31/08/2025,Fine Collected,10679500.0,18732400.0,-8052900.0,-42.99,106816100.0,181003600.0,-74187500.0,-40.99,2024,August 2025.pdf,Fine collected
2025,9,30/09/2025,Total Accidents,-209.0,-10.8,197.0,195.0,2.0,1.03,1726.0,1935.0,2024,September 2025.pdf,Total Accidents
2025,9,30/09/2025,Fatal Accidents,17.0,15.0,2.0,13.33,190.0,207.0,-17.0,-8.21,2024,September 2025.pdf,Fatal Accidents
2025,9,30/09/2025,Grievous Accidents,19.0,11.0,8.0,72.73,157.0,137.0,20.0,14.6,2024,September 2025.pdf,Grievous Accidents
2025,9,30/09/2025,Minor Injury Accidents,31.0,25.0,6.0,24.0,300.0,353.0,-53.0,-15.01,2024,September 2025.pdf,Minor Injury Accidents
2025,9,30/09/2025,Non Injury Accidents,130.0,144.0,-14.0,-9.72,1081.0,1238.0,-157.0,-12.68,2024,September 2025.pdf,Non Injury Accidents
2025,9,30/09/2025,Persons killed,18.0,18.0,0.0,0.0,196.0,219.0,-23.0,-10.5,2024,September 2025.pdf,Persons killed
2025,9,30/09/2025,Grievous Injury,27.0,13.0,14.0,107.69,202.0,191.0,11.0,5.76,2024,September 2025.pdf,Grievous Injury
2025,9,30/09/2025,Minor Injury,45.0,34.0,11.0,32.35,512.0,563.0,-51.0,-9.06,2024,September 2025.pdf,Minor Injury
2025,9,30/09/2025,Riders killed,8.0,10.0,-2.0,-20.0,117.0,125.0,-8.0,-6.4,2024,September 2025.pdf,Riders killed
2025,9,30/09/2025,Pillion riders killed,3.0,6.0,-3.0,-50.0,21.0,31.0,-10.0,-32.26,2024,September 2025.pdf,Pillion riders killed
2025,9,30/09/2025,Drivers killed,0.0,1.0,-1.0,-100.0,6.0,14.0,-8.0,-57.14,2024,September 2025.pdf,Drivers killed
2025,9,30/09/2025,Pedestrians killed,7.0,1.0,6.0,600.0,45.0,30.0,15.0,50.0,2024,September 2025.pdf,Pedestrians killed
2025,9,30/09/2025,Passengers killed,0.0,0.0,0.0,0.0,4.0,14.0,-10.0,-71.43,2024,September 2025.pdf,Passengers killed
2025,9,30/09/2025,Cyclists killed,0.0,0.0,0.0,0.0,0.0,4.0,-4.0,-100.0,2024,September 2025.pdf,Cyclists killed
2025,9,30/09/2025,Others killed,0.0,0.0,0.0,0.0,3.0,1.0,2.0,200.0,2024,September 2025.pdf,Others killed
2025,9,30/09/2025,M.V.Cases Booked,14486.0,22332.0,-7846.0,-35.13,166818.0,327251.0,-160433.0,-49.02,2024,September 2025.pdf,M.V.Cases Booked
2025,9,30/09/2025,Fine Collected,12850500.0,14365300.0,-1514800.0,-10.54,119666600.0,195368900.0,-75702300.0,-38.75,2024,September 2025.pdf,Fine collected
2025,10,31/10/2025,Total Accidents,200.0,260.0,-60.0,-23.08,1926.0,2196.0,-270.0,-12.3,2024,October 2025.pdf,Total Accidents
2025,10,31/10/2025,Fatal Accidents,17.0,17.0,0.0,0.0,208.0,229.0,-21.0,-9.17,2024,October 2025.pdf,Fatal Accidents
2025,10,31/10/2025,Grievous Accidents,23.0,16.0,7.0,43.75,179.0,151.0,28.0,18.54,2024,October 2025.pdf,Grievous Accidents
2025,10,31/10/2025,Minor Injury Accidents,49.0,47.0,2.0,4.26,349.0,401.0,-52.0,-12.97,2024,October 2025.pdf,Minor Injury Accidents
2025,10,31/10/2025,Non Injury Accidents,111.0,180.0,-69.0,-38.33,1190.0,1415.0,-225.0,-15.9,2024,October 2025.pdf,Non Injury Accidents
2025,10,31/10/2025,Persons killed,18.0,17.0,1.0,5.88,215.0,241.0,-26.0,-10.79,2024,October 2025.pdf,Persons killed
2025,10,31/10/2025,Grievous Injury,25.0,26.0,-1.0,-3.85,225.0,215.0,10.0,4.65,2024,October 2025.pdf,Grievous Injury
2025,10,31/10/2025,Minor Injury,90.0,78.0,12.0,15.38,613.0,640.0,-27.0,-4.22,2024,October 2025.pdf,Minor Injury
2025,10,31/10/2025,Riders killed,9.0,11.0,-2.0,-18.18,127.0,138.0,-11.0,-7.97,2024,October 2025.pdf,Riders killed
2025,10,31/10/2025,Pillion riders killed,3.0,3.0,0.0,0.0,24.0,36.0,-12.0,-33.33,2024,October 2025.pdf,Pillion riders killed
2025,10,31/10/2025,Drivers killed,1.0,0.0,1.0,100.0,7.0,14.0,-7.0,-50.0,2024,October 2025.pdf,Drivers killed
2025,10,31/10/2025,Pedestrians killed,4.0,3.0,1.0,33.33,49.0,34.0,15.0,44.12,2024,October 2025.pdf,Pedestrians killed
2025,10,31/10/2025,Passengers killed,0.0,0.0,0.0,0.0,4.0,15.0,-11.0,-73.33,2024,October 2025.pdf,Passengers killed
2025,10,31/10/2025,Cyclists killed,1.0,0.0,1.0,100.0,1.0,4.0,-3.0,-75.0,2024,October 2025.pdf,Cyclists killed
2025,10,31/10/2025,Others killed,0.0,0.0,0.0,0.0,3.0,0.0,3.0,100.0,2024,October 2025.pdf,Others killed
2025,10,31/10/2025,M.V.Cases booked,13594.0,27812.0,-14218.0,-51.12,180412.0,355063.0,-174651.0,-49.18,2024,October 2025.pdf,M. V. Cases booked
2025,10,31/10/2025,Fine collected,12111000.0,19022000.0,-6911000.0,-36.33,131777600.0,214390900.0,-82613300.0,-38.53,2024,October 2025.pdf,Fine collected
2025,11,30/11/2025,Total Accidents,194.0,241.0,-47.0,-19.5,2120.0,2437.0,-317.0,-13.01,2024,November 2025.pdf,Total Accidents
2025,11,30/11/2025,Fatal Accidents,20.0,15.0,5.0,33.33,229.0,244.0,-15.0,-6.15,2024,November 2025.pdf,Fatal Accidents
2025,11,30/11/2025,Grievous Accidents,17.0,18.0,-1.0,-5.56,206.0,167.0,39.0,23.95,2024,November 2025.pdf,Grievous Accidents
2025,11,30/11/2025,Minor Injury Accidents,42.0,43.0,-1.0,-2.33,387.0,442.0,-55.0,-12.44,2024,November 2025.pdf,Minor Injury Accidents
2025,11,30/11/2025,Non Injury Accidents,115.0,165.0,-50.0,-30.3,1298.0,1584.0,-286.0,-18.12,2024,November 2025.pdf,Non Injury Accidents
2025,11,30/11/2025,Persons killed,22.0,16.0,6.0,37.5,238.0,258.0,-20.0,-7.75,2024,November 2025.pdf,Persons killed
2025,11,30/11/2025,Grievous Injury,23.0,22.0,1.0,4.55,257.0,244.0,13.0,5.33,2024,November 2025.pdf,Grievous Injury
2025,11,30/11/2025,Minor Injury,81.0,86.0,-5.0,-5.81,691.0,706.0,-15.0,-2.12,2024,November 2025.pdf,Minor Injury
2025,11,30/11/2025,Riders killed,11.0,9.0,2.0,22.22,139.0,149.0,-10.0,-6.71,2024,November 2025.pdf,Riders killed
2025,11,30/11/2025,Pillion riders killed,4.0,1.0,3.0,300.0,28.0,37.0,-9.0,-24.32,2024,November 2025.pdf,Pillion riders killed
2025,11,30/11/2025,Drivers killed,1.0,2.0,-1.0,-50.0,8.0,15.0,-7.0,-46.67,2024,November 2025.pdf,Drivers killed
2025,11,30/11/2025,Pedestrians killed,3.0,4.0,-1.0,-25.0,53.0,38.0,15.0,39.47,2024,November 2025.pdf,Pedestrians killed
2025,11,30/11/2025,Passengers killed,3.0,0.0,3.0,300.0,6.0,13.0,-7.0,-53.85,2024,November 2025.pdf,Passengers killed
2025,11,30/11/2025,Cyclists killed,0.0,0.0,0.0,0.0,1.0,5.0,-4.0,-80.0,2024,November 2025.pdf,Cyclists killed
2025,11,30/11/2025,Others killed,0.0,0.0,0.0,0.0,3.0,1.0,2.0,200.0,2024,November 2025.pdf,Others killed
2025,11,30/11/2025,M.V.Cases booked,16025.0,25428.0,-9403.0,-36.97,196437.0,380491.0,-184054.0,-48.37,2024,November 2025.pdf,M. V. Cases booked
2025,11,30/11/2025,Fine collected,14152000.0,17389600.0,-3237600.0,-18.62,145929600.0,231780500.0,-85850900.0,-37.04,2024,November 2025.pdf,Fine collected
2025,12,31/12/2025,Total Accidents,250.0,2370.0,243.0,7.0,2.88,2682.0,-312.0,-11.63,2024,DECEMBER 2025.pdf,Total Accidents
2025,12,31/12/2025,Fatal Accidents,29.0,6.0,26.09,257.0,-14.0,-5.17,23.0,271.0,2024,DECEMBER 2025.pdf,Fatal Accidents
2025,12,31/12/2025,Grievous Accidents,26.0,0.0,0.0,229.0,31.0,15.66,26.0,198.0,2024,DECEMBER 2025.pdf,Grievous Accidents
2025,12,31/12/2025,Minor Injury Accidents,62.0,439.0,35.0,27.0,77.14,478.0,-39.0,-8.16,2024,DECEMBER 2025.pdf,Minor Injury Accidents
2025,12,31/12/2025,Non Injury Accidents,133.0,1445.0,-290.0,-16.71,159.0,-26.0,-16.35,1735.0,2024,DECEMBER 2025.pdf,Non Injury Accidents
2025,12,31/12/2025,Persons killed,30.0,6.0,25.0,269.0,-17.0,-5.94,24.0,286.0,2024,DECEMBER 2025.pdf,Persons killed
2025,12,31/12/2025,Grievous Injury,27.0,280.0,39.0,-11.0,-28.21,276.0,5.0,1.81,2024,DECEMBER 2025.pdf,Grievous Injury
2025,12,31/12/2025,Minor Injury,103.0,791.0,58.0,45.0,75.86,765.0,26.0,3.4,2024,DECEMBER 2025.pdf,Minor Injury
2025,12,31/12/2025,Riders killed,18.0,2.0,12.5,157.0,-9.0,-5.42,16.0,166.0,2024,DECEMBER 2025.pdf,Riders killed
2025,12,31/12/2025,Pillion riders killed,6.0,34.0,4.0,2.0,50.0,42.0,-8.0,-19.05,2024,DECEMBER 2025.pdf,Pillion riders killed
2025,12,31/12/2025,Drivers killed,2.0,10.0,1.0,1.0,100.0,17.0,-7.0,-41.18,2024,DECEMBER 2025.pdf,Drivers killed
2025,12,31/12/2025,Pedestrians killed,4.0,57.0,2.0,2.0,100.0,42.0,15.0,35.71,2024,DECEMBER 2025.pdf,Pedestrians killed
2025,12,31/12/2025,Passengers killed,0.0,6.0,0.0,0.0,0.0,14.0,-8.0,-57.14,2024,DECEMBER 2025.pdf,Passengers killed
2025,12,31/12/2025,Cyclists killed,0.0,1.0,0.0,0.0,0.0,5.0,-4.0,-80.0,2024,DECEMBER 2025.pdf,Cyclists killed
2025,12,31/12/2025,Others killed,0.0,3.0,0.0,0.0,0.0,0.0,3.0,100.0,2024,DECEMBER 2025.pdf,Others killed
2025,12,31/12/2025,,6.0,34.0,4.0,2.0,50.0,42.0,-8.0,-19.05,2024,DECEMBER 2025.pdf,
2025,12,31/12/2025,Fine collected,23771000.0,15363600.0,8407400.0,54.72,117517100.0,247442400.0,-129925300.0,-52.51,2024,DECEMBER 2025.pdf,Fine collected
2026,2,28/02/2026,Total Accidents,193.0,187.0,426.0,399.0,6.0,3.21,27.0,6.77,2025,Feb 2026.pdf,Total Accidents
2026,2,28/02/2026,Fatal Accidents,22.0,12.0,40.0,35.0,10.0,83.33,5.0,14.29,2025,Feb 2026.pdf,Fatal Accidents
2026,2,28/02/2026,Grievous Accidents,14.0,12.0,31.0,40.0,2.0,16.67,-9.0,-22.5,2025,Feb 2026.pdf,Grievous Accidents
2026,2,28/02/2026,Minor Injury Accidents,46.0,35.0,101.0,79.0,11.0,31.43,22.0,27.85,2025,Feb 2026.pdf,Minor Injury Accidents
2026,2,28/02/2026,Non Injury Accidents,111.0,128.0,254.0,245.0,-17.0,-13.28,9.0,3.67,2025,Feb 2026.pdf,Non Injury Accidents
2026,2,28/02/2026,Person Killed,23.0,12.0,41.0,36.0,11.0,91.67,5.0,13.89,2025,Feb 2026.pdf,Persons killed
2026,2,28/02/2026,Grievous Injury,16.0,15.0,34.0,47.0,1.0,6.67,-13.0,-27.66,2025,Feb 2026.pdf,Grievous Injury
2026,2,28/02/2026,Minor Injury,71.0,51.0,150.0,121.0,20.0,39.22,29.0,23.97,2025,Feb 2026.pdf,Minor Injury
2026,2,28/02/2026,Riders killed,12.0,10.0,25.0,22.0,2.0,20.0,3.0,13.64,2025,Feb 2026.pdf,Riders killed
2026,2,28/02/2026,Pillion riders killed,3.0,1.0,4.0,5.0,2.0,200.0,-1.0,-20.0,2025,Feb 2026.pdf,Pillion riders killed
2026,2,28/02/2026,Drivers killed,2.0,0.0,5.0,1.0,2.0,100.0,4.0,400.0,2025,Feb 2026.pdf,Drivers killed
2026,2,28/02/2026,Pedestrians killed,2.0,0.0,2.0,4.0,2.0,100.0,-2.0,-50.0,2025,Feb 2026.pdf,Pedestrians killed
2026,2,28/02/2026,Passengers killed,2.0,1.0,3.0,3.0,1.0,100.0,0.0,0.0,2025,Feb 2026.pdf,Passengers killed
2026,2,28/02/2026,Cyclists killed,0.0,0.0,0.0,0.0,0.0,0.0,0.0,0.0,2025,Feb 2026.pdf,Cyclists killed
2026,2,28/02/2026,Others killed,0.0,0.0,1.0,1.0,0.0,0.0,0.0,0.0,2025,Feb 2026.pdf,Others killed
2026,2,28/02/2026,M. V. Cases booked,-9948.0,-31.53,-24344.0,-36.14,5936500.0,20286000.0,12479000.0,43459600.0,2025,Feb 2026.pdf,M. V. Cases booked
2026,3,31/03/2026,Total Accidents,212.0,198.0,596.0,14.0,7.07,638.0,42.0,7.05,2025,March 2026.pdf,Total Accidents
2026,3,31/03/2026,Fatal Accidents,20.0,20.0,58.0,0.0,0.0,60.0,2.0,3.45,2025,March 2026.pdf,Fatal Accidents
2026,3,31/03/2026,Grievous Accidents,23.0,18.0,56.0,5.0,27.78,54.0,-2.0,-3.57,2025,March 2026.pdf,Grievous Accidents
2026,3,31/03/2026,Minor Injury Accidents,44.0,44.0,123.0,0.0,0.0,145.0,22.0,17.89,2025,March 2026.pdf,Minor Injury Accidents
2026,3,31/03/2026,Non Injury Accidents,125.0,116.0,359.0,9.0,7.76,379.0,20.0,5.57,2025,March 2026.pdf,Non Injury Accidents
2026,3,31/03/2026,Person Killed,22.0,20.0,59.0,2.0,10.0,63.0,4.0,6.78,2025,March 2026.pdf,Persons killed
2026,3,31/03/2026,Grievous Injury,29.0,24.0,71.0,5.0,20.83,66.0,-5.0,-7.04,2025,March 2026.pdf,Grievous Injury
2026,3,31/03/2026,Minor Injury,81.0,65.0,191.0,16.0,24.62,234.0,43.0,22.51,2025,March 2026.pdf,Minor Injury
2026,3,31/03/2026,Riders killed,14.0,12.0,36.0,2.0,16.67,40.0,4.0,11.11,2025,March 2026.pdf,Riders killed
2026,3,31/03/2026,Pillion riders killed,2.0,3.0,8.0,-1.0,33.33,7.0,-1.0,-12.5,2025,March 2026.pdf,Pillion riders killed
2026,3,31/03/2026,Drivers killed,1.0,0.0,1.0,1.0,100.0,6.0,5.0,500.0,2025,March 2026.pdf,Drivers killed
2026,3,31/03/2026,Pedestrians killed,3.0,5.0,9.0,-2.0,-40.0,4.0,-5.0,-55.56,2025,March 2026.pdf,Pedestrians killed
2026,3,31/03/2026,Passengers killed,1.0,0.0,4.0,1.0,100.0,4.0,0.0,0.0,2025,March 2026.pdf,Passengers killed
2026,3,31/03/2026,Cyclists killed,1.0,0.0,0.0,1.0,100.0,1.0,1.0,100.0,2025,March 2026.pdf,Cyclists killed
2026,3,31/03/2026,Others killed,0.0,0.0,1.0,0.0,0.0,1.0,0.0,0.0,2025,March 2026.pdf,Others killed
2026,3,31/03/2026,M. V. Cases booked,20961.0,32077.0,-11116.0,-34.65,63982.0,99442.0,-35460.0,-35.65,2025,March 2026.pdf,M. V. Cases booked
2026,3,31/03/2026,Fine collected,5681500.0,20471500.0,-14790000.0,-72.25,18160500.0,63931100.0,-45770600.0,-71.59,2025,March 2026.pdf,Fine collected
2026,5,31/05/2026,Total Accidents,242.0,221.0,21.0,9.5,1094.0,1017.0,77.0,7.57,2025,May_2026.pdf,Total Accidents
2026,5,31/05/2026,Fatal Accidents,22.0,29.0,-7.0,-24.14,108.0,115.0,-7.0,-6.09,2025,May_2026.pdf,Fatal Accidents
2026,5,31/05/2026,Grievous Accidents,35.0,20.0,15.0,75.0,107.0,90.0,17.0,18.89,2025,May_2026.pdf,Grievous Accidents
2026,5,31/05/2026,Minor Injury Accidents,37.0,40.0,-3.0,-7.5,238.0,205.0,33.0,16.1,2025,May_2026.pdf,Minor Injury Accidents
2026,5,31/05/2026,Non Injury Accidents,148.0,132.0,16.0,12.12,641.0,607.0,34.0,5.6,2025,May_2026.pdf,Non Injury Accidents
2026,5,31/05/2026,Person Killed,22.0,29.0,-7.0,-24.14,112.0,118.0,-6.0,-5.08,2025,May_2026.pdf,Persons killed
2026,5,31/05/2026,Grievous Injury,45.0,24.0,21.0,87.5,138.0,110.0,28.0,25.45,2025,May_2026.pdf,Grievous Injury
2026,5,31/05/2026,Minor Injury,87.0,62.0,25.0,40.32,398.0,326.0,72.0,22.09,2025,May_2026.pdf,Minor Injury
2026,5,31/05/2026,Riders killed,11.0,16.0,-5.0,-31.25,71.0,70.0,1.0,1.43,2025,May_2026.pdf,Riders killed
2026,5,31/05/2026,Pillion riders killed,1.0,2.0,-1.0,-50.0,11.0,15.0,-4.0,-26.67,2025,May_2026.pdf,Pillion riders killed
2026,5,31/05/2026,Drivers killed,2.0,2.0,0.0,0.0,8.0,3.0,5.0,166.67,2025,May_2026.pdf,Drivers killed
2026,5,31/05/2026,Pedestrians killed,7.0,9.0,-2.0,-22.22,13.0,23.0,-10.0,-43.48,2025,May_2026.pdf,Pedestrians killed
2026,5,31/05/2026,Passengers killed,1.0,0.0,1.0,100.0,6.0,4.0,2.0,50.0,2025,May_2026.pdf,Passengers killed
2026,5,31/05/2026,Cyclists killed,0.0,0.0,0.0,0.0,1.0,0.0,1.0,100.0,2025,May_2026.pdf,Cyclists killed
2026,5,31/05/2026,Others killed,0.0,0.0,0.0,0.0,2.0,2.0,0.0,0.0,2025,May_2026.pdf,Others killed
2026,5,31/05/2026,M. V. Cases booked,7034.0,4978.0,2056.0,41.3,87563.0,112497.0,-24934.0,-22.16,2025,May_2026.pdf,M. V. Cases booked
2026,5,31/05/2026,Fine collected,3800000.0,3925000.0,-125000.0,-3.18,37892000.0,73516100.0,-35624100.0,-48.45,2025,May_2026.pdf,Fine collected
2026,6,30/06/2026,Total Accidents,230.0,179.0,51.0,28.49,1324.0,1196.0,128.0,10.7,2025,June 2026.pdf,Total Accidents
2026,6,30/06/2026,Fatal Accidents,26.0,21.0,5.0,23.81,136.0,138.0,-2.0,-1.45,2025,June 2026.pdf,Fatal Accidents
2026,6,30/06/2026,Grievous Accidents,18.0,19.0,-1.0,-5.26,125.0,109.0,16.0,14.68,2025,June 2026.pdf,Grievous Accidents
2026,6,30/06/2026,Minor Injury Accidents,51.0,32.0,19.0,59.38,289.0,236.0,53.0,22.46,2025,June 2026.pdf,Minor Injury Accidents
2026,6,30/06/2026,Non Injury Accidents,135.0,107.0,28.0,26.17,775.0,713.0,62.0,8.7,2025,June 2026.pdf,Non Injury Accidents
2026,6,30/06/2026,Person Killed,28.0,21.0,7.0,33.33,142.0,141.0,1.0,0.71,2025,June 2026.pdf,Persons killed
2026,6,30/06/2026,Grievous Injury,23.0,21.0,2.0,9.52,162.0,132.0,30.0,22.73,2025,June 2026.pdf,Grievous Injury
2026,6,30/06/2026,Minor Injury,78.0,62.0,16.0,25.81,477.0,388.0,89.0,22.94,2025,June 2026.pdf,Minor Injury
2026,6,30/06/2026,Riders killed,15.0,12.0,3.0,25.0,86.0,83.0,3.0,3.61,2025,June 2026.pdf,Riders killed
2026,6,30/06/2026,Pillion riders killed,5.0,1.0,4.0,400.0,17.0,16.0,1.0,6.25,2025,June 2026.pdf,Pillion riders killed
2026,6,30/06/2026,Drivers killed,3.0,2.0,1.0,50.0,10.0,5.0,5.0,100.0,2025,June 2026.pdf,Drivers killed
2026,6,30/06/2026,Pedestrians killed,3.0,5.0,-2.0,-40.0,18.0,30.0,-12.0,-40.0,2025,June 2026.pdf,Pedestrians killed
2026,6,30/06/2026,Passengers killed,1.0,0.0,1.0,100.0,7.0,4.0,3.0,75.0,2025,June 2026.pdf,Passengers killed
2026,6,30/06/2026,Cyclists killed,1.0,0.0,1.0,100.0,2.0,0.0,2.0,200.0,2025,June 2026.pdf,Cyclists killed
2026,6,30/06/2026,Others killed,0.0,1.0,-1.0,-100.0,2.0,3.0,-1.0,-33.33,2025,June 2026.pdf,Others killed
2026,6,30/06/2026,M. V. Cases booked,9821.0,11903.0,-2082.0,-17.49,97384.0,124400.0,-27016.0,-21.72,2025,June 2026.pdf,M. V. Cases booked
2026,6,30/06/2026,Fine collected,4922800.0,9946000.0,-5023200.0,-50.5,42814800.0,83462100.0,-40647300.0,-48.7,2025,June 2026.pdf,Fine collected
