report_year,month,report_date,district,source_station_name,station_name_standardized,monthly_accidents,comparison_month_accidents,monthly_accident_variation,monthly_accident_variation_pct,ytd_accidents,comparison_ytd_accidents,ytd_accident_variation,ytd_accident_variation_pct,monthly_fatalities,comparison_month_fatalities,monthly_fatality_variation,monthly_fatality_variation_pct,ytd_fatalities,comparison_ytd_fatalities,ytd_fatality_variation,ytd_fatality_variation_pct,comparison_year,source_file
2025,2,28/02/2025,North,Panaji,Panaji,13,18,-5.0,-27.78,28,34,-6.0,-17.65,0,2,-2.0,-100.0,2,4,-2.0,-50.0,2024,jan-February 2025-merged.pdf
2025,2,28/02/2025,North,Old Goa,Old Goa,13,18,-5.0,-27.78,28,34,-6.0,-17.65,0,2,-2.0,-100.0,2,4,-2.0,-50.0,2024,jan-February 2025-merged.pdf
2025,2,28/02/2025,North,Agacaim,Agacaim,12,11,1.0,9.09,15,22,-7.0,-31.82,1,3,-2.0,-66.67,1,4,-3.0,-75.0,2024,jan-February 2025-merged.pdf
2025,2,28/02/2025,North,Valpoi,Valpoi,1,4,-3.0,-75.0,4,13,-9.0,-69.23,0,0,0.0,0.0,0,3,-3.0,-100.0,2024,jan-February 2025-merged.pdf
2025,2,28/02/2025,North,Mapusa,Mapusa,12,11,1.0,9.09,22,23,-1.0,-4.35,1,0,1.0,100.0,2,1,1.0,100.0,2024,jan-February 2025-merged.pdf
2025,2,28/02/2025,North,Colvale,Colvale,6,6,0.0,0.0,17,11,6.0,54.55,1,0,1.0,100.0,1,1,0.0,0.0,2024,jan-February 2025-merged.pdf
2025,2,28/02/2025,North,Calangute,Calangute,3,6,-3.0,-50.0,8,14,-6.0,-42.86,1,0,1.0,100.0,2,0,2.0,200.0,2024,jan-February 2025-merged.pdf
2025,2,28/02/2025,North,Saligao,Saligao,3,2,1.0,50.0,6,3,3.0,100.0,0,0,0.0,100.0,0,0,0.0,0.0,2024,jan-February 2025-merged.pdf
2025,2,28/02/2025,North,Anjuna,Anjuna,6,8,-2.0,-25.0,14,14,0.0,0.0,0,0,0.0,0.0,3,0,3.0,0.0,2024,jan-February 2025-merged.pdf
2025,2,28/02/2025,North,Porvorim,Porvorim,9,16,-7.0,-43.75,21,34,-13.0,-38.24,0,1,-1.0,-100.0,1,3,-2.0,-66.67,2024,jan-February 2025-merged.pdf
2025,2,28/02/2025,North,Pernem,Pernem,4,9,-5.0,-55.56,7,19,-12.0,-63.16,0,1,-1.0,-100.0,1,3,-2.0,-66.67,2024,jan-February 2025-merged.pdf
2025,2,28/02/2025,North,Mandrem,Mandrem,2,4,-2.0,-50.0,6,4,2.0,50.0,2,3,-1.0,-33.33,3,3,0.0,0.0,2024,jan-February 2025-merged.pdf
2025,2,28/02/2025,North,Mopa A/P,Mopa A/P,1,3,-2.0,-66.67,3,6,-3.0,-50.0,0,0,0.0,0.0,1,0,1.0,100.0,2024,jan-February 2025-merged.pdf
2025,2,28/02/2025,North,Bicholim,Bicholim,85,115,-30.0,-26.09,185,243,-58.0,-23.87,6,13,-7.0,-53.85,19,29,-10.0,-34.48,2024,jan-February 2025-merged.pdf
2025,2,28/02/2025,South,Mardol,Mardol,6,6,0.0,0.0,11,12,-1.0,-8.33,0,0,0.0,0.0,0,0,0.0,0.0,2024,jan-February 2025-merged.pdf
2025,2,28/02/2025,South,Ponda,Ponda,14,17,-3.0,-17.65,30,31,-1.0,-3.23,1,3,-2.0,-66.67,4,4,0.0,0.0,2024,jan-February 2025-merged.pdf
2025,2,28/02/2025,South,Collem,Collem,2,3,-1.0,-33.33,8,3,5.0,166.67,0,1,-1.0,-100.0,1,1,0.0,0.0,2024,jan-February 2025-merged.pdf
2025,2,28/02/2025,South,M/Town,M/Town,4,6,-2.0,-33.33,14,14,0.0,0.0,1,0,1.0,100.0,3,1,2.0,200.0,2024,jan-February 2025-merged.pdf
2025,2,28/02/2025,South,M/Curtorim,M/Curtorim,18,15,3.0,20.0,28,42,-14.0,-33.33,3,3,0.0,0.0,3,6,-3.0,-50.0,2024,jan-February 2025-merged.pdf
2025,2,28/02/2025,South,Colva,Colva,4,8,-4.0,-50.0,11,18,-7.0,-38.89,0,3,-3.0,-100.0,0,3,-3.0,-100.0,2024,jan-February 2025-merged.pdf
2025,2,28/02/2025,South,Quepem,Quepem,8,5,3.0,60.0,11,12,-1.0,-8.33,0,0,0.0,0.0,0,0,0.0,0.0,2024,jan-February 2025-merged.pdf
2025,2,28/02/2025,South,Curchorem,Curchorem,5,3,2.0,66.67,11,7,4.0,57.14,0,0,0.0,0.0,0,1,-1.0,-100.0,2024,jan-February 2025-merged.pdf
2025,2,28/02/2025,South,Cuncolim,Cuncolim,9,11,-2.0,-18.18,24,22,2.0,9.09,0,1,-1.0,-100.0,0,1,-1.0,-100.0,2024,jan-February 2025-merged.pdf
2025,2,28/02/2025,South,Canacona,Canacona,4,9,-5.0,-55.56,8,18,-10.0,-55.56,0,0,0.0,0.0,0,1,-1.0,-100.0,2024,jan-February 2025-merged.pdf
2025,2,28/02/2025,South,Sanguem,Sanguem,2,1,1.0,100.0,2,4,-2.0,-50.0,0,0,0.0,0.0,0,0,0.0,0.0,2024,jan-February 2025-merged.pdf
2025,2,28/02/2025,South,Vasco,Vasco,4,10,-6.0,-60.0,8,15,-7.0,-46.67,0,1,-1.0,-100.0,1,2,-1.0,-50.0,2024,jan-February 2025-merged.pdf
2025,2,28/02/2025,South,Verna,Verna,13,19,-6.0,-31.58,27,45,-18.0,-40.0,1,0,1.0,100.0,5,2,3.0,150.0,2024,jan-February 2025-merged.pdf
2025,2,28/02/2025,South,Marmugoa,Marmugoa,2,3,-1.0,-33.33,4,3,1.0,33.33,0,0,0.0,0.0,0,0,0.0,0.0,2024,jan-February 2025-merged.pdf
2025,2,28/02/2025,South,Fatorda,Fatorda,102,124,-22.0,-17.74,214,263,-49.0,-18.63,6,13,-7.0,-53.85,17,25,-8.0,-32.0,2024,jan-February 2025-merged.pdf
2025,4,30/04/2025,North,Panaji,Panaji,11,8,3.0,37.5,53,57,-4.0,-7.02,0,0,0.0,0.0,0,4,-4.0,-100.0,2024,March-April 2025.pdf
2025,4,30/04/2025,North,Old Goa,Old Goa,12,7,5.0,71.43,51,59,-8.0,-13.56,2,0,2.0,100.0,5,5,0.0,0.0,2024,March-April 2025.pdf
2025,4,30/04/2025,North,Agacaim,Agacaim,10,9,1.0,11.11,40,39,1.0,2.56,0,3,-3.0,-100.0,5,9,-4.0,-44.44,2024,March-April 2025.pdf
2025,4,30/04/2025,North,Valpoi,Valpoi,4,9,-5.0,-55.56,9,27,-18.0,-66.67,1,1,0.0,0.0,2,5,-3.0,-60.0,2024,March-April 2025.pdf
2025,4,30/04/2025,North,Mapusa,Mapusa,9,10,-1.0,-10.0,44,43,1.0,2.33,0,2,-2.0,-100.0,3,4,-1.0,-25.0,2024,March-April 2025.pdf
2025,4,30/04/2025,North,Colvale,Colvale,6,12,-6.0,-50.0,30,29,1.0,3.45,0,2,-2.0,-100.0,3,4,-1.0,-25.0,2024,March-April 2025.pdf
2025,4,30/04/2025,North,Calangute,Calangute,5,5,0.0,0.0,15,21,-6.0,-28.57,2,0,2.0,100.0,4,0,4.0,100.0,2024,March-April 2025.pdf
2025,4,30/04/2025,North,Saligao,Saligao,0,2,-2.0,-100.0,6,9,-3.0,-33.33,0,0,0.0,0.0,0,0,0.0,0.0,2024,March-April 2025.pdf
2025,4,30/04/2025,North,Anjuna,Anjuna,5,15,-10.0,-66.67,23,38,-15.0,-39.47,1,1,0.0,0.0,4,4,0.0,0.0,2024,March-April 2025.pdf
2025,4,30/04/2025,North,Porvorim,Porvorim,8,14,-6.0,-42.86,43,69,-26.0,-37.68,1,0,1.0,100.0,5,4,1.0,25.0,2024,March-April 2025.pdf
2025,4,30/04/2025,North,Mandrem,Mandrem,5,5,0.0,0.0,13,10,3.0,30.0,2,1,1.0,100.0,6,5,1.0,20.0,2024,March-April 2025.pdf
2025,4,30/04/2025,North,Mopa A/P,Mopa A/P,2,4,-2.0,-50.0,5,14,-9.0,-64.29,1,3,-2.0,-66.67,2,4,-2.0,-50.0,2024,March-April 2025.pdf
2025,4,30/04/2025,North,Bicholim,Bicholim,6,20,-14.0,-70.0,22,40,-18.0,-45.0,2,3,-1.0,-33.33,5,8,-3.0,-37.5,2024,March-April 2025.pdf
2025,4,30/04/2025,South,Mardol,Mardol,3,4,-1.0,-25.0,29,21,8.0,38.1,0,1,-1.0,-100.0,1,1,0.0,0.0,2024,March-April 2025.pdf
2025,4,30/04/2025,South,Ponda,Ponda,14,11,3.0,27.27,60,53,7.0,13.21,2,1,1.0,100.0,9,6,3.0,50.0,2024,March-April 2025.pdf
2025,4,30/04/2025,South,Collem,Collem,6,4,2.0,50.0,17,9,8.0,88.89,2,2,0.0,0.0,4,4,0.0,0.0,2024,March-April 2025.pdf
2025,4,30/04/2025,South,M/Town,M/Town,6,12,-6.0,-50.0,24,33,-9.0,-27.27,0,1,-1.0,-100.0,3,2,1.0,50.0,2024,March-April 2025.pdf
2025,4,30/04/2025,South,M/Curtorim,M/Curtorim,9,11,-2.0,-18.18,47,60,-13.0,-21.67,0,1,-1.0,-100.0,4,7,-3.0,-42.86,2024,March-April 2025.pdf
2025,4,30/04/2025,South,Colva,Colva,4,6,-2.0,-33.33,18,36,-18.0,-50.0,0,1,-1.0,-100.0,0,4,-4.0,-100.0,2024,March-April 2025.pdf
2025,4,30/04/2025,South,Quepem,Quepem,6,6,0.0,0.0,22,24,-2.0,-8.33,1,1,0.0,0.0,2,1,1.0,100.0,2024,March-April 2025.pdf
2025,4,30/04/2025,South,Curchorem,Curchorem,5,2,3.0,150.0,19,16,3.0,18.75,0,0,0.0,0.0,0,2,-2.0,-100.0,2024,March-April 2025.pdf
2025,4,30/04/2025,South,Cuncolim,Cuncolim,10,16,-6.0,-37.5,44,50,-6.0,-12.0,2,3,-1.0,-33.33,3,7,-4.0,-57.14,2024,March-April 2025.pdf
2025,4,30/04/2025,South,Canacona,Canacona,7,6,1.0,16.67,18,38,-20.0,-52.63,0,1,-1.0,-100.0,0,4,-4.0,-100.0,2024,March-April 2025.pdf
2025,4,30/04/2025,South,Vasco,Vasco,8,5,3.0,60.0,20,24,-4.0,-16.67,1,0,1.0,100.0,4,3,1.0,33.33,2024,March-April 2025.pdf
2025,4,30/04/2025,South,Verna,Verna,22,24,-2.0,-8.33,64,84,-20.0,-23.81,4,3,1.0,33.33,9,6,3.0,50.0,2024,March-April 2025.pdf
2025,4,30/04/2025,South,Marmugoa,Marmugoa,3,0,3.0,100.0,9,5,4.0,80.0,1,0,1.0,100.0,1,0,1.0,100.0,2024,March-April 2025.pdf
2025,4,30/04/2025,South,Fatorda,Fatorda,9,10,-1.0,-10.0,36,36,0.0,0.0,1,2,-1.0,-50.0,2,5,-3.0,-60.0,2024,March-April 2025.pdf
2025,4,30/04/2025,South,Dabolim,Dabolim,0,0,0.0,0.0,0,0,0.0,0.0,0,0,-1.0,-100.0,0,0,0.0,0.0,2024,March-April 2025.pdf
2025,7,31/07/2025,North,Panaji,Panaji,15,18,-3.0,-16.67,84,106,-22.0,-20.75,0,0,0.0,100.0,0,5,-5.0,-100.0,2024,May-July 2025.pdf
2025,7,31/07/2025,North,Old Goa,Old Goa,13,11,2.0,18.18,97,100,-3.0,-3.0,0,1,-1.0,-100.0,9,10,-1.0,-10.0,2024,May-July 2025.pdf
2025,7,31/07/2025,North,Agacaim,Agacaim,3,8,-5.0,-62.5,53,67,-14.0,-20.9,1,0,1.0,100.0,6,10,-4.0,-40.0,2024,May-July 2025.pdf
2025,7,31/07/2025,North,Valpoi,Valpoi,1,5,-4.0,-80.0,15,44,-29.0,-65.91,0,1,-1.0,-100.0,5,9,-4.0,-44.44,2024,May-July 2025.pdf
2025,7,31/07/2025,North,Mapusa,Mapusa,12,6,6.0,100.0,78,65,13.0,20.0,2,1,1.0,100.0,9,6,3.0,50.0,2024,May-July 2025.pdf
2025,7,31/07/2025,North,Colvale,Colvale,2,5,-3.0,-60.0,38,42,-4.0,-9.52,0,1,-1.0,-100.0,3,5,-2.0,-40.0,2024,May-July 2025.pdf
2025,7,31/07/2025,North,Calangute,Calangute,3,3,0.0,0.0,27,35,-8.0,-22.86,0,1,-1.0,-100.0,6,2,4.0,200.0,2024,May-July 2025.pdf
2025,7,31/07/2025,North,Saligao,Saligao,1,3,-2.0,-66.67,15,13,2.0,15.38,2,1,1.0,100.0,2,1,1.0,100.0,2024,May-July 2025.pdf
2025,7,31/07/2025,North,Anjuna,Anjuna,6,4,2.0,50.0,43,55,-12.0,-21.82,0,1,-1.0,-100.0,5,5,0.0,0.0,2024,May-July 2025.pdf
2025,7,31/07/2025,North,Porvorim,Porvorim,10,18,-8.0,-44.44,80,109,-29.0,-26.61,0,0,0.0,100.0,8,7,1.0,14.29,2024,May-July 2025.pdf
2025,7,31/07/2025,North,Pernem,Pernem,3,5,-2.0,-40.0,26,39,-13.0,-33.33,2,0,2.0,200.0,6,7,-1.0,-14.29,2024,May-July 2025.pdf
2025,7,31/07/2025,North,Mandrem,Mandrem,2,0,2.0,100.0,17,15,2.0,13.33,0,0,0.0,0.0,7,5,2.0,40.0,2024,May-July 2025.pdf
2025,7,31/07/2025,North,Mopa A/P,Mopa A/P,3,1,2.0,200.0,10,19,-9.0,-47.37,0,0,0.0,0.0,4,5,-1.0,-20.0,2024,May-July 2025.pdf
2025,7,31/07/2025,North,Bicholim,Bicholim,9,13,-4.0,-30.77,62,77,-15.0,-19.48,2,2,0.0,0.0,11,14,-3.0,-21.43,2024,May-July 2025.pdf
2025,7,31/07/2025,South,Mardol,Mardol,3,3,0.0,0.0,40,36,4.0,11.11,0,0,0.0,0.0,1,2,-1.0,-50.0,2024,May-July 2025.pdf
2025,7,31/07/2025,South,Ponda,Ponda,19,9,10.0,111.11,105,86,19.0,22.09,4,2,2.0,100.0,18,18,0.0,0.0,2024,May-July 2025.pdf
2025,7,31/07/2025,South,Collem,Collem,3,2,1.0,50.0,25,20,5.0,25.0,0,0,0.0,0.0,5,5,0.0,0.0,2024,May-July 2025.pdf
2025,7,31/07/2025,South,M/Town,M/Town,12,1,11.0,1100.0,53,55,-2.0,-3.64,1,1,0.0,-100.0,6,6,0.0,0.0,2024,May-July 2025.pdf
2025,7,31/07/2025,South,M/Curtorim,M/Curtorim,7,8,-1.0,-12.5,74,100,-26.0,-26.0,0,0,0.0,0.0,5,10,-5.0,-50.0,2024,May-July 2025.pdf
2025,7,31/07/2025,South,Colva,Colva,2,2,0.0,0.0,26,47,-21.0,-44.68,0,1,-1.0,-100.0,0,7,-7.0,-100.0,2024,May-July 2025.pdf
2025,7,31/07/2025,South,Quepem,Quepem,3,1,2.0,200.0,35,32,3.0,9.38,1,0,1.0,100.0,3,1,2.0,200.0,2024,May-July 2025.pdf
2025,7,31/07/2025,South,Curchorem,Curchorem,3,5,-2.0,-40.0,27,29,-2.0,-6.9,0,2,-2.0,-100.0,0,5,-5.0,-100.0,2024,May-July 2025.pdf
2025,7,31/07/2025,South,Cuncolim,Cuncolim,5,9,-4.0,-44.44,69,72,-3.0,-4.17,0,0,0.0,0.0,4,10,-6.0,-60.0,2024,May-July 2025.pdf
2025,7,31/07/2025,South,Canacona,Canacona,3,1,2.0,200.0,27,43,-16.0,-37.21,1,0,1.0,100.0,2,4,-2.0,-50.0,2024,May-July 2025.pdf
2025,7,31/07/2025,South,Sanguem,Sanguem,0,1,-1.0,-100.0,7,12,-5.0,-41.67,0,0,0.0,0.0,1,1,0.0,0.0,2024,May-July 2025.pdf
2025,7,31/07/2025,South,Vasco,Vasco,4,6,-2.0,-33.33,42,37,5.0,13.51,1,0,1.0,100.0,12,5,7.0,140.0,2024,May-July 2025.pdf
2025,7,31/07/2025,South,Verna,Verna,12,14,-2.0,-14.29,114,124,-10.0,-8.06,0,2,-2.0,-100.0,16,11,5.0,45.45,2024,May-July 2025.pdf
2025,7,31/07/2025,South,Marmugoa,Marmugoa,2,1,1.0,100.0,17,11,6.0,54.55,1,0,1.0,100.0,3,0,3.0,100.0,2024,May-July 2025.pdf
2025,7,31/07/2025,South,Fatorda,Fatorda,6,7,-1.0,-14.29,57,65,-8.0,-12.31,1,0,1.0,100.0,4,8,-4.0,-50.0,2024,May-July 2025.pdf
2025,7,31/07/2025,South,Dabolim,Dabolim,0,0,0.0,0.0,0,0,0.0,0.0,0,0,0.0,0.0,0,0,0.0,0.0,2024,May-July 2025.pdf
2025,8,31/08/2025,North,Panaji,Panaji,13,11,2.0,18.18,97,117,-20.0,-17.09,0,1,-1.0,-100.0,0,7,-7.0,-100.0,2024,August 2025.pdf
2025,8,31/08/2025,North,Old Goa,Old Goa,16,7,9.0,128.57,114,107,7.0,6.54,0,1,-1.0,-100.0,10,11,-1.0,-9.09,2024,August 2025.pdf
2025,8,31/08/2025,North,Agacaim,Agacaim,8,8,0.0,0.0,61,75,-14.0,-18.67,0,0,0.0,0.0,6,10,-4.0,-40.0,2024,August 2025.pdf
2025,8,31/08/2025,North,Valpoi,Valpoi,1,4,-3.0,-75.0,16,48,-32.0,-66.67,0,0,0.0,0.0,5,9,-4.0,-44.44,2024,August 2025.pdf
2025,8,31/08/2025,North,Mapusa,Mapusa,4,6,-2.0,-33.33,82,71,11.0,15.49,1,1,0.0,0.0,10,7,0.0,0.0,2024,August 2025.pdf
2025,8,31/08/2025,North,Colvale,Colvale,7,5,2.0,40.0,45,47,-2.0,-4.26,1,1,0.0,0.0,5,6,-1.0,-16.67,2024,August 2025.pdf
2025,8,31/08/2025,North,Calangute,Calangute,3,2,1.0,50.0,30,37,-7.0,-18.92,0,0,0.0,0.0,6,2,4.0,200.0,2024,August 2025.pdf
2025,8,31/08/2025,North,Saligao,Saligao,3,3,0.0,0.0,18,16,2.0,12.5,0,0,0.0,0.0,2,1,1.0,100.0,2024,August 2025.pdf
2025,8,31/08/2025,North,Anjuna,Anjuna,3,7,-4.0,-57.14,46,62,-16.0,-25.81,0,0,0.0,0.0,5,5,0.0,0.0,2024,August 2025.pdf
2025,8,31/08/2025,North,Porvorim,Porvorim,2,17,-15.0,-88.24,82,126,-44.0,-34.92,0,1,-1.0,-100.0,8,8,0.0,0.0,2024,August 2025.pdf
2025,8,31/08/2025,North,Pernem,Pernem,4,2,2.0,100.0,30,41,-11.0,-26.83,1,0,1.0,50.0,7,7,0.0,0.0,2024,August 2025.pdf
2025,8,31/08/2025,North,Mandrem,Mandrem,1,2,-1.0,-50.0,18,17,1.0,5.88,1,0,1.0,50.0,8,5,3.0,60.0,2024,August 2025.pdf
2025,8,31/08/2025,North,Mopa A/P,Mopa A/P,1,0,1.0,50.0,11,19,-8.0,-42.11,0,0,0.0,0.0,4,5,-1.0,-20.0,2024,August 2025.pdf
2025,8,31/08/2025,North,Bicholim,Bicholim,8,9,-1.0,-11.11,70,86,-16.0,-18.6,0,1,-1.0,-100.0,11,15,-4.0,-26.67,2024,August 2025.pdf
2025,8,31/08/2025,South,Mardol,Mardol,3,3,0.0,0.0,44,39,5.0,12.82,0,0,0.0,0.0,1,2,-1.0,-50.0,2024,August 2025.pdf
2025,8,31/08/2025,South,Ponda,Ponda,9,16,-7.0,-43.75,114,102,12.0,11.76,0,0,0.0,0.0,18,18,0.0,0.0,2024,August 2025.pdf
2025,8,31/08/2025,South,Collem,Collem,1,2,-1.0,-50.0,26,22,4.0,18.18,0,1,-1.0,-100.0,5,6,-1.0,-16.67,2024,August 2025.pdf
2025,8,31/08/2025,South,M/Town,M/Town,15,5,10.0,200.0,68,60,8.0,13.33,0,1,-1.0,-100.0,6,7,-1.0,-14.29,2024,August 2025.pdf
2025,8,31/08/2025,South,M/Curtorim,M/Curtorim,13,14,-1.0,-7.14,87,113,-26.0,-23.01,1,2,-1.0,-50.0,7,12,-5.0,-41.67,2024,August 2025.pdf
2025,8,31/08/2025,South,Colva,Colva,5,4,1.0,25.0,31,51,-20.0,-39.22,1,1,0.0,0.0,1,8,-7.0,-87.5,2024,August 2025.pdf
2025,8,31/08/2025,South,Quepem,Quepem,4,7,-3.0,-42.86,39,39,0.0,0.0,0,1,-1.0,-100.0,3,2,1.0,50.0,2024,August 2025.pdf
2025,8,31/08/2025,South,Curchorem,Curchorem,6,2,4.0,200.0,33,31,2.0,6.45,0,0,0.0,0.0,0,5,-5.0,-100.0,2024,August 2025.pdf
2025,8,31/08/2025,South,Cuncolim,Cuncolim,4,14,-10.0,-71.43,73,86,-13.0,-15.12,2,1,1.0,100.0,6,11,-5.0,-45.45,2024,August 2025.pdf
2025,8,31/08/2025,South,Canacona,Canacona,5,5,0.0,0.0,32,48,-16.0,-33.33,0,1,-1.0,-100.0,2,5,-3.0,-60.0,2024,August 2025.pdf
2025,8,31/08/2025,South,Sanguem,Sanguem,0,0,0.0,0.0,7,12,-5.0,-41.67,0,0,0.0,0.0,1,1,0.0,0.0,2024,August 2025.pdf
2025,8,31/08/2025,South,Vasco,Vasco,7,5,2.0,40.0,49,42,7.0,16.67,1,2,-1.0,-50.0,13,7,6.0,85.71,2024,August 2025.pdf
2025,8,31/08/2025,South,Verna,Verna,12,14,-2.0,-14.29,126,138,-12.0,-8.7,0,0,0.0,0.0,16,11,5.0,45.45,2024,August 2025.pdf
2025,8,31/08/2025,South,Marmugoa,Marmugoa,4,3,1.0,33.33,21,14,7.0,50.0,0,0,0.0,0.0,3,0,3.0,300.0,2024,August 2025.pdf
2025,8,31/08/2025,South,Fatorda,Fatorda,4,8,-4.0,-50.0,61,73,-12.0,-16.44,0,0,0.0,0.0,4,8,-4.0,-50.0,2024,August 2025.pdf
2025,8,31/08/2025,South,Dabolim A/P,Dabolim A/P,0,0,0.0,0.0,0,0,0.0,0.0,0,0,0.0,0.0,0,0,-1.0,-50.0,2024,August 2025.pdf
2025,9,30/09/2025,North,Panaji,Panaji,21,28,-7.0,-25.0,118,145,-27.0,-18.62,1,1,0.0,0.0,1,8,-7.0,-87.5,2024,September 2025.pdf
2025,9,30/09/2025,North,Old Goa,Old Goa,18,16,2.0,12.5,131,123,8.0,6.5,2,2,0.0,0.0,13,13,0.0,0.0,2024,September 2025.pdf
2025,9,30/09/2025,North,Agacaim,Agacaim,8,8,0.0,0.0,69,83,-14.0,-16.87,1,1,0.0,0.0,7,11,-4.0,-36.36,2024,September 2025.pdf
2025,9,30/09/2025,North,Valpoi,Valpoi,0,7,-7.0,-100.0,16,55,-39.0,-70.91,0,2,-2.0,-100.0,5,11,-6.0,-54.55,2024,September 2025.pdf
2025,9,30/09/2025,North,Mapusa,Mapusa,9,10,-1.0,-10.0,91,81,10.0,12.35,2,0,2.0,200.0,13,7,6.0,85.71,2024,September 2025.pdf
2025,9,30/09/2025,North,Colvale,Colvale,3,3,0.0,0.0,48,50,-2.0,-4.0,1,0,1.0,100.0,6,6,0.0,0.0,2024,September 2025.pdf
2025,9,30/09/2025,North,Calangute,Calangute,1,2,-1.0,-50.0,31,39,-8.0,-20.51,0,0,0.0,0.0,6,2,4.0,200.0,2024,September 2025.pdf
2025,9,30/09/2025,North,Saligao,Saligao,3,1,2.0,200.0,21,17,4.0,23.53,0,0,0.0,0.0,2,1,1.0,100.0,2024,September 2025.pdf
2025,9,30/09/2025,North,Anjuna,Anjuna,6,7,-1.0,-14.29,52,69,-17.0,-24.64,1,0,1.0,100.0,6,5,1.0,20.0,2024,September 2025.pdf
2025,9,30/09/2025,North,Porvorim,Porvorim,12,7,5.0,71.43,94,133,-39.0,-29.32,1,0,1.0,100.0,9,8,1.0,12.5,2024,September 2025.pdf
2025,9,30/09/2025,North,Pernem,Pernem,3,7,-4.0,-57.14,33,48,-15.0,-31.25,0,2,-2.0,0.0,9,9,0.0,0.0,2024,September 2025.pdf
2025,9,30/09/2025,North,Mandrem,Mandrem,1,2,-1.0,-50.0,19,19,0.0,0.0,0,3,-3.0,-100.0,8,8,0.0,0.0,2024,September 2025.pdf
2025,9,30/09/2025,North,Mopa A/P,Mopa A/P,0,2,-2.0,-100.0,11,21,-10.0,-47.62,0,0,0.0,0.0,4,5,-1.0,-20.0,2024,September 2025.pdf
2025,9,30/09/2025,North,Bicholim,Bicholim,10,9,1.0,11.11,80,95,-15.0,-15.79,1,2,-1.0,-50.0,12,17,-5.0,-29.41,2024,September 2025.pdf
2025,9,30/09/2025,South,Mardol,Mardol,3,6,-3.0,-50.0,47,45,2.0,4.44,0,0,0.0,0.0,1,2,-1.0,-50.0,2024,September 2025.pdf
2025,9,30/09/2025,South,Ponda,Ponda,17,6,11.0,183.33,130,108,22.0,20.37,1,0,1.0,100.0,20,18,2.0,11.11,2024,September 2025.pdf
2025,9,30/09/2025,South,Collem,Collem,0,2,-2.0,-100.0,26,24,2.0,8.33,0,0,0.0,0.0,5,6,-1.0,-16.67,2024,September 2025.pdf
2025,9,30/09/2025,South,M/Town,M/Town,10,6,4.0,66.67,78,66,12.0,18.18,0,0,0.0,0.0,6,7,-1.0,-14.29,2024,September 2025.pdf
2025,9,30/09/2025,South,M/Curtorim,M/Curtorim,15,13,2.0,15.38,102,127,-25.0,-19.69,1,1,0.0,0.0,8,13,-5.0,-38.46,2024,September 2025.pdf
2025,9,30/09/2025,South,Colva,Colva,5,3,2.0,66.67,36,54,-18.0,-33.33,3,0,3.0,300.0,4,8,-4.0,-50.0,2024,September 2025.pdf
2025,9,30/09/2025,South,Quepem,Quepem,3,2,1.0,50.0,42,41,1.0,2.44,0,0,0.0,0.0,3,2,1.0,50.0,2024,September 2025.pdf
2025,9,30/09/2025,South,Curchorem,Curchorem,2,4,-2.0,-50.0,35,35,0.0,0.0,0,0,0.0,0.0,0,5,-5.0,-100.0,2024,September 2025.pdf
2025,9,30/09/2025,South,Cuncolim,Cuncolim,7,11,-4.0,-36.36,80,97,-17.0,-17.53,0,1,-1.0,-100.0,6,12,-6.0,-50.0,2024,September 2025.pdf
2025,9,30/09/2025,South,Canacona,Canacona,3,1,2.0,200.0,35,49,-14.0,-28.57,0,1,-1.0,-100.0,2,6,-4.0,-66.67,2024,September 2025.pdf
2025,9,30/09/2025,South,Sanguem,Sanguem,3,0,3.0,300.0,10,12,-2.0,-16.67,0,0,0.0,0.0,1,1,0.0,0.0,2024,September 2025.pdf
2025,9,30/09/2025,South,Vasco,Vasco,4,5,-1.0,-20.0,53,47,6.0,12.77,0,0,0.0,0.0,13,7,6.0,85.71,2024,September 2025.pdf
2025,9,30/09/2025,South,Verna,Verna,20,23,-3.0,-13.04,146,161,-15.0,-9.32,2,2,0.0,0.0,18,13,5.0,38.46,2024,September 2025.pdf
2025,9,30/09/2025,South,Marmugoa,Marmugoa,3,1,2.0,200.0,24,15,9.0,60.0,1,0,1.0,100.0,4,0,4.0,400.0,2024,September 2025.pdf
2025,9,30/09/2025,South,Fatorda,Fatorda,7,3,4.0,133.33,68,76,-8.0,-10.53,0,0,0.0,0.0,4,8,-4.0,-50.0,2024,September 2025.pdf
2025,9,30/09/2025,South,Dabolim A/P,Dabolim A/P,7,3,4.0,133.33,68,76,-8.0,-10.53,0,0,0.0,0.0,4,8,-4.0,-50.0,2024,September 2025.pdf
2025,10,31/10/2025,North,Panaji,Panaji,15,31,-16.0,-51.61,133,176,-43.0,-24.43,0,1,-1.0,-100.0,1,10,-9.0,-90.0,2024,October 2025.pdf
2025,10,31/10/2025,North,Old Goa,Old Goa,15,15,0.0,0.0,146,138,8.0,5.8,2,2,0.0,0.0,15,15,0.0,0.0,2024,October 2025.pdf
2025,10,31/10/2025,North,Agacaim,Agacaim,9,13,-4.0,-30.77,78,96,-18.0,-18.75,2,2,0.0,0.0,9,13,-4.0,-30.77,2024,October 2025.pdf
2025,10,31/10/2025,North,Valpoi,Valpoi,6,6,0.0,0.0,22,61,-39.0,-63.93,1,0,1.0,100.0,6,11,-5.0,-45.45,2024,October 2025.pdf
2025,10,31/10/2025,North,Mapusa,Mapusa,7,13,-6.0,-46.15,98,94,4.0,4.26,1,1,0.0,0.0,15,8,7.0,87.5,2024,October 2025.pdf
2025,10,31/10/2025,North,Colvale,Colvale,5,12,-7.0,-58.33,53,62,-9.0,-14.52,0,0,0.0,0.0,6,6,0.0,0.0,2024,October 2025.pdf
2025,10,31/10/2025,North,Calangute,Calangute,7,5,2.0,40.0,38,45,-7.0,-15.56,0,0,0.0,0.0,6,2,4.0,200.0,2024,October 2025.pdf
2025,10,31/10/2025,North,Saligao,Saligao,2,1,1.0,100.0,23,18,5.0,27.78,0,0,0.0,0.0,2,1,1.0,100.0,2024,October 2025.pdf
2025,10,31/10/2025,North,Anjuna,Anjuna,6,10,-4.0,-40.0,58,79,-21.0,-26.58,0,0,0.0,0.0,6,5,1.0,20.0,2024,October 2025.pdf
2025,10,31/10/2025,North,Porvorim,Porvorim,7,22,-15.0,-68.18,101,155,-54.0,-34.84,0,2,-2.0,-100.0,9,11,-2.0,-18.18,2024,October 2025.pdf
2025,10,31/10/2025,North,Pernem,Pernem,4,10,-6.0,-60.0,37,58,-21.0,-36.21,0,1,-1.0,-100.0,9,10,-1.0,-10.0,2024,October 2025.pdf
2025,10,31/10/2025,North,Mandrem,Mandrem,2,4,-2.0,-50.0,21,23,-2.0,-8.7,1,1,0.0,0.0,9,9,0.0,0.0,2024,October 2025.pdf
2025,10,31/10/2025,North,Mopa A/P,Mopa A/P,3,3,0.0,0.0,14,24,-10.0,-41.67,1,0,1.0,100.0,5,5,0.0,0.0,2024,October 2025.pdf
2025,10,31/10/2025,North,Bicholim,Bicholim,8,12,-4.0,-33.33,88,107,-19.0,-17.76,1,1,0.0,0.0,13,19,-6.0,-31.58,2024,October 2025.pdf
2025,10,31/10/2025,South,Mardol,Mardol,8,8,0.0,0.0,55,53,2.0,3.77,0,1,-1.0,-100.0,1,3,-2.0,-66.67,2024,October 2025.pdf
2025,10,31/10/2025,South,Ponda,Ponda,22,8,14.0,175.0,152,116,36.0,31.03,1,1,0.0,0.0,21,19,2.0,10.53,2024,October 2025.pdf
2025,10,31/10/2025,South,Collem,Collem,4,5,-1.0,-20.0,30,29,1.0,3.45,0,1,-1.0,-100.0,5,7,-2.0,-28.57,2024,October 2025.pdf
2025,10,31/10/2025,South,M/Town,M/Town,8,2,6.0,300.0,86,68,18.0,26.47,0,0,0.0,0.0,6,8,-2.0,-25.0,2024,October 2025.pdf
2025,10,31/10/2025,South,M/Curtorim,M/Curtorim,11,11,0.0,0.0,113,138,-25.0,-18.12,1,0,1.0,100.0,9,13,-4.0,-30.77,2024,October 2025.pdf
2025,10,31/10/2025,South,Colva,Colva,4,2,2.0,100.0,40,56,-16.0,-28.57,1,0,1.0,100.0,5,8,-3.0,-37.5,2024,October 2025.pdf
2025,10,31/10/2025,South,Quepem,Quepem,1,11,-10.0,-90.91,43,52,-9.0,-17.31,0,1,-1.0,-100.0,3,3,0.0,0.0,2024,October 2025.pdf
2025,10,31/10/2025,South,Curchorem,Curchorem,7,5,2.0,40.0,42,40,2.0,5.0,1,0,1.0,100.0,1,5,-4.0,-80.0,2024,October 2025.pdf
2025,10,31/10/2025,South,Cuncolim,Cuncolim,9,11,-2.0,-18.18,89,108,-19.0,-17.59,0,0,0.0,0.0,6,12,-6.0,-50.0,2024,October 2025.pdf
2025,10,31/10/2025,South,Canacona,Canacona,7,3,4.0,133.33,42,52,-10.0,-19.23,2,0,2.0,100.0,4,6,-2.0,-33.33,2024,October 2025.pdf
2025,10,31/10/2025,South,Sanguem,Sanguem,1,1,0.0,0.0,11,13,-2.0,-15.38,0,0,0.0,0.0,1,2,-1.0,-50.0,2024,October 2025.pdf
2025,10,31/10/2025,South,Vasco,Vasco,2,7,-5.0,-71.43,55,54,1.0,1.85,0,0,0.0,0.0,13,7,6.0,85.71,2024,October 2025.pdf
2025,10,31/10/2025,South,Verna,Verna,11,17,-6.0,-35.29,157,178,-21.0,-11.8,1,2,-1.0,-50.0,19,15,4.0,26.67,2024,October 2025.pdf
2025,10,31/10/2025,South,Marmugoa,Marmugoa,1,3,-2.0,-66.67,25,18,7.0,38.89,1,0,1.0,100.0,5,0,5.0,100.0,2024,October 2025.pdf
2025,10,31/10/2025,South,Fatorda,Fatorda,8,9,-1.0,-11.11,76,85,-9.0,-10.59,1,0,1.0,100.0,5,8,-3.0,-37.5,2024,October 2025.pdf
2025,10,31/10/2025,South,Dabolim A/P,Dabolim A/P,0,0,0.0,0.0,0,0,0.0,0.0,0,0,0.0,0.0,0,0,0.0,0.0,2024,October 2025.pdf
2025,11,30/11/2025,North,Panaji,Panaji,15,24,-9.0,-37.5,148,200,-52.0,-26.0,1,1,0.0,0.0,2,11,-9.0,-81.82,2024,November 2025.pdf
2025,11,30/11/2025,North,Old Goa,Old Goa,24,18,6.0,33.33,170,156,14.0,8.97,2,1,1.0,100.0,17,16,1.0,6.25,2024,November 2025.pdf
2025,11,30/11/2025,North,Agacaim,Agacaim,9,11,-2.0,-18.18,87,107,-20.0,-18.69,1,3,-2.0,-66.67,10,16,-6.0,-37.5,2024,November 2025.pdf
2025,11,30/11/2025,North,Valpoi,Valpoi,2,4,-2.0,-50.0,24,65,-41.0,-63.08,0,0,0.0,0.0,6,11,-5.0,-45.45,2024,November 2025.pdf
2025,11,30/11/2025,North,Mapusa,Mapusa,7,15,-8.0,-53.33,105,109,-4.0,-3.67,0,2,-2.0,-100.0,15,10,5.0,50.0,2024,November 2025.pdf
2025,11,30/11/2025,North,Colvala,Colvale,4,4,0.0,0.0,57,66,-9.0,-13.64,1,0,1.0,100.0,7,6,1.0,16.67,2024,November 2025.pdf
2025,11,30/11/2025,North,Calangute,Calangute,0,4,-4.0,-100.0,38,49,-11.0,-22.45,0,0,0.0,0.0,6,2,4.0,200.0,2024,November 2025.pdf
2025,11,30/11/2025,North,Saligao,Saligao,8,1,7.0,700.0,31,19,12.0,63.16,0,0,0.0,0.0,2,1,1.0,100.0,2024,November 2025.pdf
2025,11,30/11/2025,North,Anjuna,Anjuna,7,9,-2.0,-22.22,65,88,-23.0,-26.14,0,0,0.0,0.0,6,5,1.0,20.0,2024,November 2025.pdf
2025,11,30/11/2025,North,Porvorim,Porvorim,7,19,-12.0,-63.16,108,174,-66.0,-37.93,1,1,0.0,0.0,10,12,-2.0,-16.67,2024,November 2025.pdf
2025,11,30/11/2025,North,Pernem,Pernem,5,3,2.0,66.67,42,61,-19.0,-31.15,2,0,2.0,200.0,11,10,1.0,10.0,2024,November 2025.pdf
2025,11,30/11/2025,North,Mandrem,Mandrem,3,1,2.0,200.0,24,24,0.0,0.0,1,0,1.0,100.0,10,10,0.0,0.0,2024,November 2025.pdf
2025,11,30/11/2025,North,Mopa A/P,Mopa A/P,1,2,-1.0,-50.0,15,26,-11.0,-42.31,0,0,0.0,0.0,5,5,0.0,0.0,2024,November 2025.pdf
2025,11,30/11/2025,North,Bicholim,Bicholim,10,10,0.0,0.0,98,117,-19.0,-16.24,3,0,3.0,300.0,16,19,-3.0,-15.79,2024,November 2025.pdf
2025,11,30/11/2025,South,Mardol,Mardol,9,4,5.0,125.0,64,57,7.0,12.28,2,0,2.0,200.0,3,3,0.0,0.0,2024,November 2025.pdf
2025,11,30/11/2025,South,Ponda,Ponda,15,12,3.0,25.0,167,128,39.0,30.47,1,0,1.0,100.0,22,19,3.0,15.79,2024,November 2025.pdf
2025,11,30/11/2025,South,Collem,Collem,2,7,-5.0,-71.43,32,36,-4.0,-11.11,0,2,-2.0,-100.0,5,9,-4.0,-44.44,2024,November 2025.pdf
2025,11,30/11/2025,South,M/Town,M/Town,7,3,4.0,133.33,93,71,22.0,30.99,1,1,0.0,0.0,8,9,-1.0,-11.11,2024,November 2025.pdf
2025,11,30/11/2025,South,M/Curtorim,M/Curtorim,8,16,-8.0,-50.0,121,154,-33.0,-21.43,1,2,-1.0,-50.0,10,15,-5.0,-33.33,2024,November 2025.pdf
2025,11,30/11/2025,South,Colva,Colva,5,4,1.0,25.0,45,60,-15.0,-25.0,0,1,-1.0,-100.0,5,9,-4.0,-44.44,2024,November 2025.pdf
2025,11,30/11/2025,South,Quepem,Quepem,5,4,1.0,25.0,48,56,-8.0,-14.29,0,0,0.0,0.0,3,3,0.0,0.0,2024,November 2025.pdf
2025,11,30/11/2025,South,Curchorem,Curchorem,4,3,1.0,33.33,46,43,3.0,6.98,0,0,0.0,0.0,1,5,-4.0,-80.0,2024,November 2025.pdf
2025,11,30/11/2025,South,Cuncolim,Cuncolim,9,10,-1.0,-10.0,98,118,-20.0,-16.95,3,1,2.0,200.0,9,13,-4.0,-30.77,2024,November 2025.pdf
2025,11,30/11/2025,South,Canacona,Canacona,7,5,2.0,40.0,49,57,-8.0,-14.04,1,1,0.0,0.0,5,7,-2.0,-28.57,2024,November 2025.pdf
2025,11,30/11/2025,South,Sanguem,Sanguem,1,5,-4.0,-80.0,12,18,-6.0,-33.33,0,0,0.0,0.0,1,2,-1.0,-50.0,2024,November 2025.pdf
2025,11,30/11/2025,South,Vasco,Vasco,3,4,-1.0,-25.0,58,58,0.0,0.0,0,0,0.0,0.0,13,7,6.0,85.71,2024,November 2025.pdf
2025,11,30/11/2025,South,Verna,Verna,10,24,-14.0,-58.33,167,202,-35.0,-17.33,0,0,0.0,0.0,19,16,3.0,18.75,2024,November 2025.pdf
2025,11,30/11/2025,South,Marmugoa,Marmugoa,2,3,-1.0,-33.33,27,21,6.0,28.57,1,0,1.0,100.0,6,0,6.0,100.0,2024,November 2025.pdf
2025,11,30/11/2025,South,Fatorda,Fatorda,5,12,-7.0,-58.33,81,97,-16.0,-16.49,0,0,0.0,0.0,5,7,-2.0,-28.57,2024,November 2025.pdf
2025,11,30/11/2025,South,Dabolim A/P,Dabolim A/P,0,0,0.0,0.0,0,0,0.0,0.0,0,0,0.0,0.0,0,0,0.0,0.0,2024,November 2025.pdf
2025,12,31/12/2025,North,Panaji,Panaji,14,13,1.0,7.69,162,213,-51.0,-23.94,3,0,3.0,100.0,5,11,-6.0,-54.55,2024,DECEMBER 2025.pdf
2025,12,31/12/2025,North,Old Goa,Old Goa,17,23,-6.0,-26.09,187,179,8.0,4.47,2,0,2.0,100.0,19,18,1.0,5.56,2024,DECEMBER 2025.pdf
2025,12,31/12/2025,North,Agacaim,Agacaim,11,12,-1.0,-8.33,98,119,-21.0,-17.65,1,4,-3.0,-75.0,12,20,-8.0,-40.0,2024,DECEMBER 2025.pdf
2025,12,31/12/2025,North,Valpoi,Valpoi,4,7,-3.0,-42.86,28,72,-44.0,-61.11,1,1,0.0,0.0,7,12,-5.0,-41.67,2024,DECEMBER 2025.pdf
2025,12,31/12/2025,North,Mapusa,Mapusa,12,14,-2.0,-14.29,117,123,-6.0,-4.88,2,3,-1.0,-33.33,16,14,2.0,14.29,2024,DECEMBER 2025.pdf
2025,12,31/12/2025,North,Colvala,Colvale,6,1,5.0,500.0,63,67,-4.0,-5.97,2,0,2.0,100.0,9,6,3.0,50.0,2024,DECEMBER 2025.pdf
2025,12,31/12/2025,North,Calangute,Calangute,6,4,2.0,50.0,44,53,-9.0,-16.98,0,0,0.0,0.0,6,2,4.0,200.0,2024,DECEMBER 2025.pdf
2025,12,31/12/2025,North,Saligao,Saligao,5,3,2.0,66.67,36,22,14.0,63.64,0,0,0.0,0.0,2,1,1.0,100.0,2024,DECEMBER 2025.pdf
2025,12,31/12/2025,North,Anjuna,Anjuna,7,12,-5.0,-41.67,72,100,-28.0,-28.0,1,0,1.0,100.0,7,5,2.0,40.0,2024,DECEMBER 2025.pdf
2025,12,31/12/2025,North,Porvorim,Porvorim,9,14,-5.0,-35.71,117,188,-71.0,-37.77,1,3,-2.0,-66.67,11,15,-4.0,-26.67,2024,DECEMBER 2025.pdf
2025,12,31/12/2025,North,Pernem,Pernem,4,7,-3.0,-42.86,46,68,-22.0,-32.35,2,0,2.0,100.0,13,10,3.0,30.0,2024,DECEMBER 2025.pdf
2025,12,31/12/2025,North,Mandrem,Mandrem,3,4,-1.0,-25.0,27,28,-1.0,-3.57,2,0,2.0,100.0,12,10,2.0,20.0,2024,DECEMBER 2025.pdf
2025,12,31/12/2025,North,Mopa A/P,Mopa A/P,4,0,4.0,100.0,19,26,-7.0,-26.92,1,0,1.0,100.0,6,5,1.0,20.0,2024,DECEMBER 2025.pdf
2025,12,31/12/2025,North,Bicholim,Bicholim,11,9,2.0,22.22,109,126,-17.0,-13.49,1,3,-2.0,-66.67,17,22,-5.0,-22.73,2024,DECEMBER 2025.pdf
2025,12,31/12/2025,South,Mardol,Mardol,10,8,2.0,25.0,74,65,9.0,13.85,1,1,0.0,0.0,5,4,1.0,25.0,2024,DECEMBER 2025.pdf
2025,12,31/12/2025,South,Ponda,Ponda,16,11,5.0,45.45,183,139,44.0,31.65,2,1,1.0,100.0,24,20,4.0,20.0,2024,DECEMBER 2025.pdf
2025,12,31/12/2025,South,Collem,Collem,3,4,-1.0,-25.0,35,40,-5.0,-12.5,0,1,-1.0,-100.0,5,10,-5.0,-50.0,2024,DECEMBER 2025.pdf
2025,12,31/12/2025,South,M/Town,M/Town,11,8,3.0,37.5,104,79,25.0,31.65,0,0,0.0,0.0,8,9,-1.0,-11.11,2024,DECEMBER 2025.pdf
2025,12,31/12/2025,South,M/Curtorim,M/Curtorim,13,15,-2.0,-13.33,134,169,-35.0,-20.71,1,2,-1.0,-50.0,11,17,-6.0,-35.29,2024,DECEMBER 2025.pdf
2025,12,31/12/2025,South,Colva,Colva,13,11,2.0,18.18,58,71,-13.0,-18.31,0,1,-1.0,-100.0,5,10,-5.0,-50.0,2024,DECEMBER 2025.pdf
2025,12,31/12/2025,South,Quepem,Quepem,4,7,-3.0,-42.86,52,63,-11.0,-17.46,0,1,-1.0,-100.0,3,4,-1.0,-25.0,2024,DECEMBER 2025.pdf
2025,12,31/12/2025,South,Curchorem,Curchorem,2,6,-4.0,-66.67,48,49,-1.0,-2.04,1,1,0.0,0.0,2,6,-4.0,-66.67,2024,DECEMBER 2025.pdf
2025,12,31/12/2025,South,Cuncolim,Cuncolim,20,9,11.0,122.22,118,127,-9.0,-7.09,0,1,-1.0,-100.0,9,14,-5.0,-35.71,2024,DECEMBER 2025.pdf
2025,12,31/12/2025,South,Canacona,Canacona,7,7,0.0,0.0,56,64,-8.0,-12.5,1,0,1.0,100.0,6,7,-1.0,-14.29,2024,DECEMBER 2025.pdf
2025,12,31/12/2025,South,Sanguem,Sanguem,2,4,-2.0,-50.0,14,22,-8.0,-36.36,0,0,0.0,0.0,1,2,-1.0,-50.0,2024,DECEMBER 2025.pdf
2025,12,31/12/2025,South,Vasco,Vasco,5,2,3.0,150.0,63,60,3.0,5.0,0,0,0.0,0.0,13,7,6.0,85.71,2024,DECEMBER 2025.pdf
2025,12,31/12/2025,South,Verna,Verna,23,18,5.0,27.78,190,222,-32.0,-14.41,5,1,4.0,400.0,24,18,6.0,33.33,2024,DECEMBER 2025.pdf
2025,12,31/12/2025,South,Marmugoa,Marmugoa,1,1,0.0,0.0,28,22,6.0,27.27,0,0,0.0,0.0,6,0,6.0,100.0,2024,DECEMBER 2025.pdf
2025,12,31/12/2025,South,Fatorda,Fatorda,6,9,-3.0,-33.33,87,106,-19.0,-17.92,0,0,0.0,0.0,5,7,-2.0,-28.57,2024,DECEMBER 2025.pdf
2025,12,31/12/2025,South,Dabolim A/P,Dabolim A/P,1,0,1.0,100.0,1,0,1.0,100.0,0,0,0.0,0.0,0,0,0.0,0.0,2024,DECEMBER 2025.pdf
2026,2,28/02/2026,North,Panaji,Panaji,12,11,1.0,9.09,27,24,3.0,12.5,1,0,1.0,100.0,1,0,1.0,100.0,2025,Feb 2026.pdf
2026,2,28/02/2026,North,Old Goa,Old Goa,12,13,-1.0,-7.69,37,28,9.0,32.14,2,0,2.0,200.0,3,2,1.0,50.0,2025,Feb 2026.pdf
2026,2,28/02/2026,North,Agacaim,Agacaim,9,12,-3.0,-25.0,24,15,9.0,60.0,1,1,0.0,0.0,3,1,2.0,200.0,2025,Feb 2026.pdf
2026,2,28/02/2026,North,Valpoi,Valpoi,4,1,3.0,300.0,10,4,6.0,150.0,3,0,3.0,100.0,4,0,4.0,400.0,2025,Feb 2026.pdf
2026,2,28/02/2026,North,Mapusa,Mapusa,8,12,-4.0,-33.33,16,22,-6.0,-27.27,1,1,0.0,0.0,2,2,0.0,0.0,2025,Feb 2026.pdf
2026,2,28/02/2026,North,Colvale,Colvale,3,6,-3.0,-50.0,12,17,-5.0,-29.41,1,1,0.0,0.0,2,1,1.0,100.0,2025,Feb 2026.pdf
2026,2,28/02/2026,North,Calangute,Calangute,4,3,1.0,33.33,10,8,2.0,25.0,0,1,-1.0,-100.0,1,2,-1.0,-50.0,2025,Feb 2026.pdf
2026,2,28/02/2026,North,Saligao,Saligao,2,3,-1.0,-33.33,10,6,4.0,66.67,0,0,0.0,0.0,1,0,1.0,100.0,2025,Feb 2026.pdf
2026,2,28/02/2026,North,Anjuna,Anjuna,7,6,1.0,16.67,16,14,2.0,14.29,2,0,2.0,200.0,4,3,1.0,33.33,2025,Feb 2026.pdf
2026,2,28/02/2026,North,Porvorim,Porvorim,4,9,-5.0,-55.56,9,21,-12.0,-57.14,0,0,0.0,0.0,1,1,0.0,0.0,2025,Feb 2026.pdf
2026,2,28/02/2026,North,Pernem,Pernem,2,4,-2.0,-50.0,5,7,-2.0,-28.57,0,0,0.0,0.0,0,1,-1.0,-100.0,2025,Feb 2026.pdf
2026,2,28/02/2026,North,Mandrem,Mandrem,5,2,3.0,150.0,9,6,3.0,50.0,0,2,-2.0,-100.0,0,3,-3.0,-100.0,2025,Feb 2026.pdf
2026,2,28/02/2026,North,Mopa A/P,Mopa A/P,1,1,0.0,0.0,2,3,-1.0,-33.33,0,0,0.0,0.0,0,1,-1.0,-100.0,2025,Feb 2026.pdf
2026,2,28/02/2026,North,Bicholim,Bicholim,8,2,6.0,300.0,22,10,12.0,120.0,1,0,1.0,100.0,3,2,1.0,50.0,2025,Feb 2026.pdf
2026,2,28/02/2026,South,Mardol,Mardol,3,6,-3.0,-50.0,10,11,-1.0,-9.09,0,0,0.0,0.0,1,0,1.0,100.0,2025,Feb 2026.pdf
2026,2,28/02/2026,South,Ponda,Ponda,13,14,-1.0,-7.14,28,30,-2.0,-6.67,1,1,0.0,0.0,2,4,-2.0,-50.0,2025,Feb 2026.pdf
2026,2,28/02/2026,South,Collem,Collem,3,2,1.0,50.0,5,8,-3.0,-37.5,0,0,0.0,0.0,0,1,-1.0,-100.0,2025,Feb 2026.pdf
2026,2,28/02/2026,South,M/Town,M/Town,12,4,8.0,200.0,20,14,6.0,42.86,2,1,1.0,100.0,2,3,-1.0,-33.33,2025,Feb 2026.pdf
2026,2,28/02/2026,South,M/Curtorim,M/Curtorim,11,18,-7.0,-38.89,22,28,-6.0,-21.43,1,3,-2.0,-66.66,1,3,-2.0,-66.67,2025,Feb 2026.pdf
2026,2,28/02/2026,South,Colva,Colva,6,4,2.0,50.0,12,11,1.0,9.09,0,0,0.0,0.0,1,0,1.0,100.0,2025,Feb 2026.pdf
2026,2,28/02/2026,South,Quepem,Quepem,3,8,-5.0,-62.5,6,11,-5.0,-45.45,1,0,1.0,100.0,1,0,1.0,100.0,2025,Feb 2026.pdf
2026,2,28/02/2026,South,Curchorem,Curchorem,6,5,1.0,20.0,11,11,0.0,0.0,1,0,1.0,100.0,1,0,1.0,100.0,2025,Feb 2026.pdf
2026,2,28/02/2026,South,Cuncolim,Cuncolim,10,9,1.0,11.11,25,24,1.0,4.17,0,0,0.0,0.0,1,0,1.0,100.0,2025,Feb 2026.pdf
2026,2,28/02/2026,South,Canacona,Canacona,5,4,1.0,25.0,10,8,2.0,25.0,1,0,1.0,100.0,2,0,2.0,200.0,2025,Feb 2026.pdf
2026,2,28/02/2026,South,Sanguem,Sanguem,1,2,-1.0,-50.0,3,2,1.0,50.0,0,0,0.0,0.0,0,0,0.0,0.0,2025,Feb 2026.pdf
2026,2,28/02/2026,South,Vasco,Vasco,7,4,3.0,75.0,13,8,5.0,62.5,1,0,1.0,100.0,1,1,0.0,0.0,2025,Feb 2026.pdf
2026,2,28/02/2026,South,Verna,Verna,21,13,8.0,61.54,32,27,5.0,18.52,3,1,2.0,200.0,3,5,-2.0,-40.0,2025,Feb 2026.pdf
2026,2,28/02/2026,South,Marmugoa,Marmugoa,2,2,0.0,0.0,2,4,-2.0,-50.0,0,0,0.0,0.0,0,0,0.0,0.0,2025,Feb 2026.pdf
2026,2,28/02/2026,South,Fatorda,Fatorda,9,7,2.0,28.57,18,17,1.0,5.88,0,0,0.0,0.0,0,0,0.0,0.0,2025,Feb 2026.pdf
2026,2,28/02/2026,South,Dabolim A/P,Dabolim A/P,0,0,0.0,0.0,0,0,0.0,0.0,0,0,0.0,0.0,0,0,0.0,0.0,2025,Feb 2026.pdf
2026,3,31/03/2026,North,Panaji,Panaji,12,18,-6.0,-33.33,39,42,-3.0,-7.14,1,0,1.0,100.0,2,0,2.0,200.0,2025,March 2026.pdf
2026,3,31/03/2026,North,Old Goa,Old Goa,16,11,5.0,45.45,53,39,14.0,35.9,2,1,1.0,100.0,5,3,2.0,66.67,2025,March 2026.pdf
2026,3,31/03/2026,North,Agacaim,Agacaim,6,15,-9.0,-60.0,30,30,0.0,0.0,0,4,-4.0,-100.0,3,5,-2.0,-40.0,2025,March 2026.pdf
2026,3,31/03/2026,North,Valpoi,Valpoi,6,1,5.0,500.0,16,5,11.0,220.0,2,1,1.0,100.0,6,1,5.0,500.0,2025,March 2026.pdf
2026,3,31/03/2026,North,Mapusa,Mapusa,14,12,2.0,16.67,30,35,-5.0,-14.29,1,0,1.0,100.0,3,3,0.0,0.0,2025,March 2026.pdf
2026,3,31/03/2026,North,Colvale,Colvale,5,7,-2.0,-28.57,17,24,-7.0,-29.17,1,2,-1.0,-50.0,3,3,0.0,0.0,2025,March 2026.pdf
2026,3,31/03/2026,North,Calangute,Calangute,1,2,-1.0,-50.0,11,10,1.0,10.0,0,0,0.0,0.0,1,2,-1.0,-50.0,2025,March 2026.pdf
2026,3,31/03/2026,North,Saligao,Saligao,4,0,4.0,400.0,14,6,8.0,133.33,1,0,1.0,100.0,2,0,2.0,200.0,2025,March 2026.pdf
2026,3,31/03/2026,North,Anjuna,Anjuna,16,4,12.0,300.0,32,18,14.0,77.78,3,0,3.0,300.0,7,3,4.0,133.33,2025,March 2026.pdf
2026,3,31/03/2026,North,Porvorim,Porvorim,11,14,-3.0,-21.43,20,35,-15.0,-42.86,0,2,-2.0,-100.0,1,4,-3.0,-75.0,2025,March 2026.pdf
2026,3,31/03/2026,North,Pernem,Pernem,2,3,-1.0,-33.33,7,10,-3.0,-30.0,1,0,1.0,100.0,1,1,0.0,0.0,2025,March 2026.pdf
2026,3,31/03/2026,North,Mandrem,Mandrem,3,2,1.0,50.0,12,8,4.0,50.0,0,1,-1.0,-100.0,0,4,-4.0,-100.0,2025,March 2026.pdf
2026,3,31/03/2026,North,Mopa A/P,Mopa A/P,3,0,3.0,300.0,5,3,2.0,66.67,0,0,0.0,0.0,0,1,-1.0,-100.0,2025,March 2026.pdf
2026,3,31/03/2026,North,Bicholim,Bicholim,4,6,-2.0,-33.33,26,16,10.0,62.5,0,1,-1.0,-100.0,3,3,0.0,0.0,2025,March 2026.pdf
2026,3,31/03/2026,South,Mardol,Mardol,6,14,-8.0,-57.14,16,25,-9.0,-36.0,0,0,0.0,0.0,1,0,1.0,100.0,2025,March 2026.pdf
2026,3,31/03/2026,South,Ponda,Ponda,11,16,-5.0,-31.25,39,45,-6.0,-13.33,0,3,-3.0,-100.0,2,7,-5.0,-71.43,2025,March 2026.pdf
2026,3,31/03/2026,South,Collem,Collem,3,3,0.0,0.0,8,11,-3.0,-27.27,0,1,-1.0,-100.0,0,2,-2.0,-100.0,2025,March 2026.pdf
2026,3,31/03/2026,South,M/Town,M/Town,6,5,1.0,20.0,26,18,8.0,44.44,0,0,0.0,0.0,2,3,-1.0,-33.33,2025,March 2026.pdf
2026,3,31/03/2026,South,M/Curtorim,M/Curtorim,11,10,1.0,10.0,33,38,-5.0,-13.16,0,1,-1.0,-100.0,1,4,-3.0,-75.0,2025,March 2026.pdf
2026,3,31/03/2026,South,Colva,Colva,3,3,0.0,0.0,15,14,1.0,7.14,0,0,0.0,0.0,1,0,1.0,100.0,2025,March 2026.pdf
2026,3,31/03/2026,South,Quepem,Quepem,5,5,0.0,0.0,11,16,-5.0,-31.25,1,0,1.0,100.0,2,1,1.0,100.0,2025,March 2026.pdf
2026,3,31/03/2026,South,Curchorem,Curchorem,1,3,-2.0,-66.67,12,14,-2.0,-14.29,0,0,0.0,0.0,1,0,1.0,100.0,2025,March 2026.pdf
2026,3,31/03/2026,South,Cuncolim,Cuncolim,16,9,7.0,77.78,41,33,8.0,24.24,2,0,2.0,200.0,3,0,3.0,300.0,2025,March 2026.pdf
2026,3,31/03/2026,South,Canacona,Canacona,10,3,7.0,233.33,20,11,9.0,81.82,3,0,3.0,300.0,5,0,5.0,500.0,2025,March 2026.pdf
2026,3,31/03/2026,South,Sanguem,Sanguem,1,1,0.0,0.0,4,3,1.0,33.33,0,0,0.0,0.0,0,0,0.0,0.0,2025,March 2026.pdf
2026,3,31/03/2026,South,Vasco,Vasco,4,4,0.0,0.0,17,12,5.0,41.67,0,2,-2.0,-100.0,1,3,-2.0,-66.67,2025,March 2026.pdf
2026,3,31/03/2026,South,Verna,Verna,23,15,8.0,53.33,55,42,13.0,30.95,4,0,4.0,400.0,7,5,2.0,40.0,2025,March 2026.pdf
2026,3,31/03/2026,South,Marmugoa,Marmugoa,4,2,2.0,100.0,6,6,0.0,0.0,0,0,0.0,0.0,0,0,0.0,0.0,2025,March 2026.pdf
2026,3,31/03/2026,South,Fatorda,Fatorda,5,10,-5.0,-50.0,23,27,-4.0,-14.81,0,1,-1.0,-100.0,0,1,-1.0,-100.0,2025,March 2026.pdf
2026,3,31/03/2026,South,Dabolim A/P,Dabolim A/P,0,0,0.0,0.0,0,0,0.0,0.0,0,0,0.0,0.0,0,0,0.0,0.0,2025,March 2026.pdf
2026,5,31/05/2026,North,Panaji,Panaji,16,7,9.0,128.57,69,60,9.0,15.0,1,0,1.0,100.0,4,0,4.0,400.0,2025,May_2026.pdf
2026,5,31/05/2026,North,Old Goa,Old Goa,26,16,10.0,62.5,96,67,29.0,43.28,2,2,0.0,0.0,8,7,1.0,14.29,2025,May_2026.pdf
2026,5,31/05/2026,North,Agacaim,Agacaim,10,4,6.0,150.0,47,44,3.0,6.82,3,0,3.0,300.0,8,5,3.0,60.0,2025,May_2026.pdf
2026,5,31/05/2026,North,Valpoi,Valpoi,7,2,5.0,250.0,28,11,17.0,154.55,0,2,-2.0,-100.0,6,4,2.0,50.0,2025,May_2026.pdf
2026,5,31/05/2026,North,Mapusa,Mapusa,9,15,-6.0,-40.0,48,58,-10.0,-17.24,0,3,-3.0,-100.0,4,6,-2.0,-33.33,2025,May_2026.pdf
2026,5,31/05/2026,North,Colvale,Colvale,10,4,6.0,150.0,29,34,-5.0,-14.71,1,0,1.0,100.0,5,3,2.0,66.67,2025,May_2026.pdf
2026,5,31/05/2026,North,Calangute,Calangute,3,5,-2.0,-40.0,19,20,-1.0,-5.0,0,0,0.0,0.0,3,4,-1.0,-25.0,2025,May_2026.pdf
2026,5,31/05/2026,North,Saligao,Saligao,4,4,0.0,0.0,23,10,13.0,130.0,2,0,2.0,200.0,4,0,4.0,400.0,2025,May_2026.pdf
2026,5,31/05/2026,North,Anjuna,Anjuna,11,10,1.0,10.0,58,33,25.0,75.76,2,0,2.0,200.0,9,4,5.0,125.0,2025,May_2026.pdf
2026,5,31/05/2026,North,Porvorim,Porvorim,7,21,-14.0,-66.67,35,64,-29.0,-45.31,2,2,0.0,0.0,5,7,-2.0,-28.57,2025,May_2026.pdf
2026,5,31/05/2026,North,Pernem,Pernem,3,7,-4.0,-57.14,15,17,-2.0,-11.76,0,1,-1.0,-100.0,1,2,-1.0,-50.0,2025,May_2026.pdf
2026,5,31/05/2026,North,Mandrem,Mandrem,4,1,3.0,300.0,20,14,6.0,42.86,0,0,0.0,0.0,0,6,-6.0,-100.0,2025,May_2026.pdf
2026,5,31/05/2026,North,Mopa A/P,Mopa A/P,2,2,0.0,0.0,8,7,1.0,14.29,1,2,-1.0,-50.0,1,4,-3.0,-75.0,2025,May_2026.pdf
2026,5,31/05/2026,North,Bicholim,Bicholim,9,19,-10.0,-52.63,46,41,5.0,12.2,1,3,-2.0,-66.67,5,9,-4.0,-44.44,2025,May_2026.pdf
2026,5,31/05/2026,South,Mardol,Mardol,9,6,3.0,50.0,30,35,-5.0,-14.29,0,0,0.0,0.0,2,1,1.0,100.0,2025,May_2026.pdf
2026,5,31/05/2026,South,Ponda,Ponda,23,12,11.0,91.67,81,72,9.0,12.5,1,1,0.0,0.0,7,10,-3.0,-30.0,2025,May_2026.pdf
2026,5,31/05/2026,South,Collem,Collem,2,1,1.0,100.0,11,18,-7.0,-38.89,0,0,0.0,0.0,0,4,-4.0,-100.0,2025,May_2026.pdf
2026,5,31/05/2026,South,M/Town,M/Town,19,6,13.0,216.67,58,30,28.0,93.33,1,0,1.0,100.0,4,3,1.0,33.33,2025,May_2026.pdf
2026,5,31/05/2026,South,M/Curtorim,M/Curtorim,11,12,-1.0,-8.33,57,59,-2.0,-3.39,1,1,0.0,0.0,4,5,-1.0,-20.0,2025,May_2026.pdf
2026,5,31/05/2026,South,Colva,Colva,5,4,1.0,25.0,25,22,3.0,13.64,0,0,0.0,0.0,1,0,1.0,100.0,2025,May_2026.pdf
2026,5,31/05/2026,South,Quepem,Quepem,3,7,-4.0,-57.14,17,29,-12.0,-41.38,0,0,0.0,0.0,4,2,2.0,100.0,2025,May_2026.pdf
2026,5,31/05/2026,South,Curchorem,Curchorem,7,4,3.0,75.0,23,23,0.0,0.0,1,0,1.0,100.0,3,0,3.0,300.0,2025,May_2026.pdf
2026,5,31/05/2026,South,Cuncolim,Cuncolim,4,10,-6.0,-60.0,53,53,0.0,0.0,1,1,0.0,0.0,5,4,1.0,25.0,2025,May_2026.pdf
2026,5,31/05/2026,South,Canacona,Canacona,8,4,4.0,100.0,37,22,15.0,68.18,0,1,-1.0,-100.0,6,1,5.0,500.0,2025,May_2026.pdf
2026,5,31/05/2026,South,Sanguem,Sanguem,3,1,2.0,200.0,8,7,1.0,14.29,0,1,-1.0,-100.0,0,1,-1.0,-100.0,2025,May_2026.pdf
2026,5,31/05/2026,South,Vasco,Vasco,7,8,-1.0,-12.5,26,29,-3.0,-10.34,2,4,-2.0,-50.0,4,8,-4.0,-50.0,2025,May_2026.pdf
2026,5,31/05/2026,South,Verna,Verna,13,22,-9.0,-40.91,83,86,-3.0,-3.49,0,4,-4.0,-100.0,9,14,-5.0,-35.71,2025,May_2026.pdf
2026,5,31/05/2026,South,Marmugoa,Marmugoa,2,2,0.0,0.0,10,11,-1.0,-9.09,0,0,0.0,0.0,0,1,-1.0,-100.0,2025,May_2026.pdf
2026,5,31/05/2026,South,Fatorda,Fatorda,5,5,0.0,0.0,34,41,-7.0,-17.07,0,1,-1.0,-100.0,0,3,-3.0,-100.0,2025,May_2026.pdf
2026,5,31/05/2026,South,Dabolim A/P,Dabolim A/P,0,0,0.0,0.0,0,0,0.0,0.0,0,0,0.0,0.0,0,0,0.0,0.0,2025,May_2026.pdf
2026,6,30/06/2026,North,Panaji,Panaji,20,9,11.0,122.22,89,69,20.0,28.99,1,0,1.0,100.0,5,0,5.0,500.0,2025,June 2026.pdf
2026,6,30/06/2026,North,Old Goa,Old Goa,19,17,2.0,11.76,115,84,31.0,36.9,2,1,1.0,100.0,10,9,1.0,11.11,2025,June 2026.pdf
2026,6,30/06/2026,North,Agacaim,Agacaim,10,6,4.0,66.67,57,50,7.0,14.0,3,0,3.0,300.0,11,5,6.0,120.0,2025,June 2026.pdf
2026,6,30/06/2026,North,Valpoi,Valpoi,2,3,-1.0,-33.33,30,14,16.0,114.29,0,1,-1.0,-100.0,6,5,1.0,20.0,2025,June 2026.pdf
2026,6,30/06/2026,North,Mapusa,Mapusa,4,8,-4.0,-50.0,52,66,-14.0,-21.21,1,1,0.0,0.0,5,7,-2.0,-28.57,2025,June 2026.pdf
2026,6,30/06/2026,North,Colvale,Colvale,5,2,3.0,150.0,34,36,-2.0,-5.56,3,0,3.0,300.0,8,3,5.0,166.67,2025,June 2026.pdf
2026,6,30/06/2026,North,Calangute,Calangute,3,4,-1.0,-25.0,22,24,-2.0,-8.33,1,2,-1.0,-50.0,4,6,-2.0,-33.33,2025,June 2026.pdf
2026,6,30/06/2026,North,Saligao,Saligao,4,4,0.0,0.0,27,14,13.0,92.86,0,0,0.0,0.0,5,0,5.0,500.0,2025,June 2026.pdf
2026,6,30/06/2026,North,Anjuna,Anjuna,15,4,11.0,275.0,73,37,36.0,97.3,0,1,-1.0,-100.0,9,5,4.0,80.0,2025,June 2026.pdf
2026,6,30/06/2026,North,Porvorim,Porvorim,7,6,1.0,16.67,42,70,-28.0,-40.0,0,1,-1.0,-100.0,5,8,-3.0,-37.5,2025,June 2026.pdf
2026,6,30/06/2026,North,Pernem,Pernem,4,6,-2.0,-33.33,19,23,-4.0,-17.39,2,2,0.0,0.0,3,4,-1.0,-25.0,2025,June 2026.pdf
2026,6,30/06/2026,North,Mandrem,Mandrem,3,1,2.0,200.0,23,15,8.0,53.33,1,1,0.0,0.0,1,7,-6.0,-85.71,2025,June 2026.pdf
2026,6,30/06/2026,North,Mopa A/P,Mopa A/P,1,0,1.0,100.0,9,7,2.0,28.57,0,0,0.0,0.0,1,4,-3.0,-75.0,2025,June 2026.pdf
2026,6,30/06/2026,North,Bicholim,Bicholim,7,12,-5.0,-41.67,53,53,0.0,0.0,0,0,0.0,0.0,5,9,-4.0,-44.44,2025,June 2026.pdf
2026,6,30/06/2026,South,Mardol,Mardol,10,3,7.0,233.33,40,37,3.0,8.11,2,0,2.0,200.0,4,1,3.0,300.0,2025,June 2026.pdf
2026,6,30/06/2026,South,Ponda,Ponda,31,13,18.0,138.46,112,86,26.0,30.23,4,3,1.0,33.33,12,13,-1.0,-7.69,2025,June 2026.pdf
2026,6,30/06/2026,South,Collem,Collem,5,4,1.0,25.0,16,22,-6.0,-27.27,2,1,1.0,100.0,2,5,-3.0,-60.0,2025,June 2026.pdf
2026,6,30/06/2026,South,M/Town,M/Town,8,11,-3.0,-27.27,66,41,25.0,60.98,0,1,-1.0,-100.0,4,5,-1.0,-20.0,2025,June 2026.pdf
2026,6,30/06/2026,South,M/Curtorim,M/Curtorim,6,8,-2.0,-25.0,63,67,-4.0,-5.97,0,0,0.0,0.0,4,5,-1.0,-20.0,2025,June 2026.pdf
2026,6,30/06/2026,South,Colva,Colva,4,2,2.0,100.0,29,24,5.0,20.83,0,0,0.0,0.0,1,0,1.0,100.0,2025,June 2026.pdf
2026,6,30/06/2026,South,Quepem,Quepem,4,3,1.0,33.33,21,32,-11.0,-34.38,0,0,0.0,0.0,4,2,2.0,100.0,2025,June 2026.pdf
2026,6,30/06/2026,South,Curchorem,Curchorem,5,1,4.0,400.0,28,24,4.0,16.67,0,0,0.0,0.0,3,0,3.0,300.0,2025,June 2026.pdf
2026,6,30/06/2026,South,Cuncolim,Cuncolim,12,11,1.0,9.09,65,64,1.0,1.56,2,0,2.0,200.0,7,4,3.0,75.0,2025,June 2026.pdf
2026,6,30/06/2026,South,Canacona,Canacona,8,2,6.0,300.0,45,24,21.0,87.5,2,0,2.0,200.0,8,1,7.0,700.0,2025,June 2026.pdf
2026,6,30/06/2026,South,Sanguem,Sanguem,7,0,7.0,700.0,15,7,8.0,114.29,1,0,1.0,100.0,1,1,0.0,0.0,2025,June 2026.pdf
2026,6,30/06/2026,South,Vasco,Vasco,0,9,-9.0,-100.0,26,38,-12.0,-31.58,0,3,-3.0,-100.0,4,11,-7.0,-63.64,2025,June 2026.pdf
2026,6,30/06/2026,South,Verna,Verna,20,16,4.0,25.0,103,102,1.0,0.98,1,2,-1.0,-50.0,10,16,-6.0,-37.5,2025,June 2026.pdf
2026,6,30/06/2026,South,Marmugoa,Marmugoa,2,4,-2.0,-50.0,12,15,-3.0,-20.0,0,1,-1.0,-100.0,0,2,-2.0,-100.0,2025,June 2026.pdf
2026,6,30/06/2026,South,Fatorda,Fatorda,4,10,-6.0,-60.0,38,51,-13.0,-25.49,0,0,0.0,0.0,0,3,-3.0,-100.0,2025,June 2026.pdf
2026,6,30/06/2026,South,Dabolim A/P,Dabolim A/P,0,0,0.0,0.0,0,0,0.0,0.0,0,0,0.0,0.0,0,0,0.0,0.0,2025,June 2026.pdf
